urban_system_id,city,country_code,lat,lon,geonames_id,geonames_name,match_field
AT001,Wien,AT,48.208490,16.372080,2761369,Vienna,"geonames_full_name (pop 1,691,468)"
BE001,Bruxelles,BE,50.850450,4.348780,2800866,Brussels,"geonames_full_name (pop 1,019,022)"
BE002,Antwerpen,BE,51.220470,4.400260,2803138,Antwerp,"geonames_full_name (pop 529,247)"
BE003,Gent,BE,51.050000,3.716670,2797656,Gent,"geonames_full_name (pop 265,086)"
BE004,Charleroi,BE,50.411360,4.444480,2800481,Charleroi,"geonames_full_name (pop 200,132)"
BE005,Liège,BE,50.633730,5.567490,2792413,Liège,"geonames_full_name (pop 195,278)"
BE006,Brugge,BE,51.208920,3.224240,2800931,Brugge,"geonames_full_name (pop 118,509)"
BE007,Namur,BE,50.466900,4.867460,2790471,Namur,"geonames_full_name (pop 110,939)"
BE009,Mons,BE,50.454130,3.952290,2790869,Mons,"geonames_full_name (pop 95,299)"
BE010,Kortrijk,BE,50.828030,3.264870,2794055,Kortrijk,"geonames_full_name (pop 73,879)"
BE011,Oostende,BE,51.215510,2.927000,2789786,Ostend,"geonames_full_name (pop 69,011)"
BG001,Sofia,BG,42.697510,23.324150,727011,Sofia,"geonames_full_name (pop 1,152,556)"
BG002,Plovdiv,BG,42.153870,24.750010,728193,Plovdiv,"geonames_full_name (pop 329,489)"
BG003,Varna,BG,43.219120,27.910240,726050,Varna,"geonames_full_name (pop 318,737)"
BG004,Burgas,BG,42.506510,27.468860,732770,Burgas,"geonames_full_name (pop 210,646)"
CH001,Bern,CH,46.948090,7.447440,2661552,Bern,"geonames_full_name (pop 121,631)"
CH002,Zürich,CH,47.366670,8.550000,2657896,Zürich,"geonames_full_name (pop 415,367)"
CH003,Genève,CH,46.202220,6.145690,2660646,Geneva,"geonames_full_name (pop 201,741)"
CH004,Basel,CH,47.558390,7.573270,2661604,Basel,"geonames_full_name (pop 177,595)"
CH005,Lausanne,CH,46.516000,6.632820,2659994,Lausanne,"geonames_full_name (pop 139,111)"
CH006,Lucerne,CH,47.050480,8.306350,2659811,Luzern,"geonames_full_name (pop 81,691)"
CH008,Lugano,CH,46.010080,8.960040,2659836,Lugano,"geonames_full_name (pop 63,185)"
CH009,St. Gallen,CH,47.423910,9.374770,2658822,Sankt Gallen,"geonames_full_name (pop 75,833)"
CH010,Biel/Bienne,CH,47.137130,7.246080,2661513,Biel/Bienne,"geonames_full_name (pop 55,120)"
CZ001,Praha,CZ,50.088040,14.420760,3067696,Prague,"geonames_full_name (pop 1,165,581)"
CZ002,Brno,CZ,49.195220,16.607960,3078610,Brno,"geonames_full_name (pop 379,466)"
CZ003,Ostrava,CZ,49.834650,18.282040,3068799,Ostrava,"geonames_full_name (pop 279,791)"
CZ004,Plzeň,CZ,49.747470,13.377590,3068160,Pilsen,"geonames_full_name (pop 168,733)"
CZ006,Olomouc,CZ,49.595520,17.251750,3069011,Olomouc,"geonames_full_name (pop 99,496)"
CZ007,Liberec,CZ,50.767110,15.056190,3071961,Liberec,"geonames_full_name (pop 102,951)"
DE001,Berlin,DE,52.524370,13.410530,2950159,Berlin,"geonames_full_name (pop 3,426,354)"
DE002,Hamburg,DE,53.550730,9.993020,2911298,Hamburg,"geonames_full_name (pop 1,973,896)"
DE003,München,DE,48.137430,11.575490,2867714,Munich,"geonames_full_name (pop 1,505,005)"
DE004,Köln,DE,50.933330,6.950000,2886242,Köln,"geonames_full_name (pop 1,024,621)"
DE005,Frankfurt am Main,DE,50.115520,8.684170,2925533,Frankfurt am Main,"geonames_full_name (pop 650,000)"
DE006,Ruhrgebiet,DE,51.514940,7.466000,2935517,Dortmund,"alias:Ruhrgebiet FUA -> largest Ruhr city (pop 588,462)"
DE007,Stuttgart,DE,48.782320,9.177020,2825297,Stuttgart,"geonames_full_name (pop 612,663)"
DE008,Leipzig,DE,51.339620,12.371290,2879139,Leipzig,"geonames_full_name (pop 504,971)"
DE009,Dresden,DE,51.050890,13.738320,2935022,Dresden,"geonames_full_name (pop 564,904)"
DE011,Düsseldorf,DE,51.223190,6.779270,2934246,Düsseldorf,"geonames_full_name (pop 618,685)"
DE012,Bremen,DE,53.075820,8.807170,2944388,Bremen,"geonames_full_name (pop 546,501)"
DE013,Hannover,DE,52.370520,9.733220,2910831,Hannover,"geonames_full_name (pop 515,140)"
DE014,Nürnberg,DE,49.454210,11.077520,2861650,Nuremberg,"geonames_full_name (pop 515,543)"
DE016,Bielefeld,DE,52.033330,8.533330,2949186,Bielefeld,"geonames_full_name (pop 331,906)"
DE017,Halle an der Saale,DE,51.481580,11.979470,2911522,Halle (Saale),"geonames_full_name (pop 237,865)"
DE018,Magdeburg,DE,52.131290,11.631890,2874545,Magdeburg,"geonames_full_name (pop 244,329)"
DE019,Wiesbaden,DE,50.086010,8.244350,2809346,Wiesbaden,"geonames_full_name (pop 288,850)"
DE020,Göttingen,DE,51.534430,9.932280,2918632,Göttingen,"geonames_full_name (pop 122,149)"
DE023,Darmstadt,DE,49.871670,8.650270,2938913,Darmstadt,"geonames_full_name (pop 167,029)"
DE024,Trier,DE,49.755650,6.639350,2821164,Trier,"geonames_full_name (pop 100,129)"
DE025,Freiburg im Breisgau,DE,47.995900,7.852220,2925177,Freiburg,"geonames_full_name (pop 237,460)"
DE026,Regensburg,DE,49.015130,12.101610,2849483,Regensburg,"geonames_full_name (pop 151,389)"
DE030,Erfurt,DE,50.977340,11.035360,2929670,Erfurt,"geonames_full_name (pop 218,793)"
DE031,Augsburg,DE,48.371540,10.898510,2954172,Augsburg,"geonames_full_name (pop 301,105)"
DE032,Bonn,DE,50.734380,7.095490,2946447,Bonn,"geonames_full_name (pop 330,579)"
DE033,Karlsruhe,DE,49.009370,8.404440,2892794,Karlsruhe,"geonames_full_name (pop 283,799)"
DE034,Mönchengladbach,DE,51.185390,6.441720,2869894,Mönchengladbach,"geonames_full_name (pop 261,742)"
DE035,Mainz,DE,49.981850,8.280080,2874225,Mainz,"geonames_full_name (pop 222,889)"
DE036,Kiel,DE,54.321330,10.134890,2891122,Kiel,"geonames_full_name (pop 252,668)"
DE037,Saarbrücken,DE,49.232620,7.009820,2842647,Saarbrücken,"geonames_full_name (pop 182,971)"
DE039,Koblenz,DE,50.353570,7.578830,2886946,Koblenz,"geonames_full_name (pop 107,319)"
DE040,Rostock,DE,54.088700,12.140490,2844588,Rostock,"geonames_full_name (pop 198,293)"
DE041,Kaiserslautern,DE,49.443000,7.771610,2894003,Kaiserslautern,"geonames_full_name (pop 98,732)"
DE042,Iserlohn,DE,51.375470,7.702810,2895669,Iserlohn,"geonames_full_name (pop 91,811)"
DE047,Tübingen,DE,48.522660,9.052220,2820860,Tübingen,"geonames_full_name (pop 92,322)"
DE049,Flensburg,DE,54.788050,9.437220,2926271,Flensburg,"geonames_full_name (pop 85,838)"
DE051,Konstanz,DE,47.660330,9.175820,2885679,Konstanz,"geonames_full_name (pop 81,275)"
DE054,Gießen,DE,50.587270,8.675540,2920512,Gießen,"geonames_full_name (pop 89,179)"
DE056,Bayreuth,DE,49.947820,11.578930,2951825,Bayreuth,"geonames_full_name (pop 72,940)"
DE058,Aschaffenburg,DE,49.977040,9.152140,2955272,Aschaffenburg,"geonames_full_name (pop 68,551)"
DE059,Bamberg,DE,49.898730,10.900670,2952984,Bamberg,"geonames_full_name (pop 70,047)"
DE063,Kempten (Allgäu),DE,47.726740,10.313890,2891621,Kempten (Allgäu),"geonames_full_name (pop 61,399)"
DE064,Landshut,DE,48.529610,12.161790,2881485,Landshut,"geonames_full_name (pop 71,863)"
DE066,Rosenheim,DE,47.856370,12.122470,2844988,Rosenheim,"geonames_full_name (pop 60,167)"
DE071,Görlitz,DE,51.155180,14.988530,2918987,Görlitz,"geonames_full_name (pop 57,751)"
DE081,Mannheim-Ludwigshafen,DE,49.489100,8.466940,2873891,Mannheim,"compound_part:'Mannheim' (pop 307,960)"
DE083,Münster,DE,51.962360,7.625710,2867543,Münster,"geonames_full_name (pop 308,258)"
DE084,Chemnitz,DE,50.835700,12.929220,2940132,Chemnitz,"geonames_full_name (pop 247,220)"
DE085,Braunschweig-Salzgitter,DE,52.265940,10.526730,2945024,Braunschweig,"compound_part:'Braunschweig' (pop 244,715)"
DE086,Aachen,DE,50.776640,6.083420,3247449,Aachen,"geonames_full_name (pop 265,208)"
DE087,Krefeld,DE,51.336450,6.553810,2884509,Krefeld,"geonames_full_name (pop 237,984)"
DE089,Lübeck,DE,53.868930,10.687290,2875601,Lübeck,"geonames_full_name (pop 212,207)"
DE091,Kassel,DE,51.316670,9.500000,2892518,Kassel,"geonames_full_name (pop 197,230)"
DE095,Osnabrück,DE,52.272640,8.049800,2856883,Osnabrück,"geonames_full_name (pop 166,462)"
DE098,Oldenburg (Oldenburg),DE,53.140390,8.214790,2857458,Oldenburg,"geonames_full_name (pop 159,218)"
DE100,Heidelberg,DE,49.407680,8.690790,2907911,Heidelberg,"geonames_full_name (pop 143,345)"
DE101,Paderborn,DE,51.719050,8.754390,2855745,Paderborn,"geonames_full_name (pop 142,161)"
DE102,Würzburg,DE,49.793910,9.951210,2805615,Würzburg,"geonames_full_name (pop 133,731)"
DE104,Wolfsburg,DE,52.424520,10.781500,2806654,Wolfsburg,"geonames_full_name (pop 123,064)"
DE105,Bremerhaven,DE,53.553570,8.575530,2944368,Bremerhaven,"geonames_full_name (pop 118,610)"
DE107,Heilbronn,DE,49.139950,9.220540,2907669,Heilbronn,"geonames_full_name (pop 120,733)"
DE108,Remscheid,DE,51.179830,7.192500,2848273,Remscheid,"geonames_full_name (pop 117,118)"
DE110,Ulm,DE,48.398410,9.991550,2820256,Ulm,"geonames_full_name (pop 120,451)"
DE111,Pforzheim,DE,48.884360,8.698920,2853969,Pforzheim,"geonames_full_name (pop 119,313)"
DE112,Ingolstadt,DE,48.765080,11.423720,2895992,Ingolstadt,"geonames_full_name (pop 120,658)"
DE113,Gera,DE,50.880290,12.081870,2921232,Gera,"geonames_full_name (pop 104,659)"
DE115,Reutlingen,DE,48.491440,9.204270,2847736,Reutlingen,"geonames_full_name (pop 112,627)"
DE117,Cottbus,DE,51.757690,14.328880,2939811,Cottbus,"geonames_full_name (pop 84,754)"
DE118,Siegen,DE,50.874810,8.024310,2832495,Siegen,"geonames_full_name (pop 107,242)"
DE120,Hildesheim,DE,52.150770,9.951120,2904789,Hildesheim,"geonames_full_name (pop 103,052)"
DE124,Wuppertal,DE,51.256270,7.148160,2805753,Wuppertal,"geonames_full_name (pop 360,797)"
DE125,Jena,DE,50.928780,11.589900,2895044,Jena,"geonames_full_name (pop 104,712)"
DE126,"Düren, Stadt",DE,50.804340,6.492990,2934486,Düren,"name_part:'Düren' (pop 93,440)"
DK001,København,DK,55.675940,12.565530,2618425,Copenhagen,"geonames_full_name (pop 1,153,615)"
DK002,Århus,DK,56.156740,10.210760,2624652,Århus,"geonames_full_name (pop 285,273)"
DK003,Odense,DK,55.395940,10.388310,2615876,Odense,"geonames_full_name (pop 180,863)"
DK004,Aalborg,DK,57.048000,9.918700,2624886,Aalborg,"geonames_full_name (pop 142,937)"
EE001,Tallinn,EE,59.436960,24.753530,588409,Tallinn,"geonames_full_name (pop 394,024)"
EE002,Tartu,EE,58.380620,26.725090,588335,Tartu,"geonames_full_name (pop 91,407)"
ES001,Madrid,ES,40.416500,-3.702560,3117735,Madrid,"geonames_full_name (pop 3,255,944)"
ES002,Barcelona,ES,41.388790,2.158990,3128760,Barcelona,"geonames_full_name (pop 1,686,208)"
ES003,Valencia,ES,39.473910,-0.379660,2509954,Valencia,"geonames_full_name (pop 824,340)"
ES004,Sevilla,ES,37.382830,-5.973170,2510911,Sevilla,"geonames_full_name (pop 686,741)"
ES005,Zaragoza,ES,41.656060,-0.877340,3104324,Zaragoza,"geonames_full_name (pop 686,986)"
ES006,Málaga,ES,36.720160,-4.420340,2514256,Málaga,"geonames_full_name (pop 592,346)"
ES007,Murcia,ES,37.987040,-1.130040,2513416,Murcia,"geonames_full_name (pop 471,982)"
ES009,Valladolid,ES,41.655410,-4.723530,3106672,Valladolid,"geonames_full_name (pop 300,618)"
ES012,Vitoria/Gasteiz,ES,42.849980,-2.672680,3104499,Gasteiz / Vitoria,"geonames_full_name (pop 257,407)"
ES013,Oviedo,ES,43.360290,-5.844760,3114711,Oviedo,"geonames_full_name (pop 220,027)"
ES014,Pamplona/Iruña,ES,42.816870,-1.643230,3114472,Pamplona,"name_part:'Pamplona' (pop 208,243)"
ES015,Santander,ES,43.465890,-3.804930,3109718,Santander,"geonames_full_name (pop 173,635)"
ES019,Bilbao,ES,43.262710,-2.925280,3128026,Bilbao,"geonames_full_name (pop 347,342)"
ES020,Córdoba,ES,37.891550,-4.772750,2519240,Córdoba,"geonames_full_name (pop 325,708)"
ES021,Alicante/Alacant,ES,38.345170,-0.481490,2521978,Alicante,"name_part:'Alicante' (pop 348,901)"
ES022,Vigo,ES,42.232820,-8.722640,3105976,Vigo,"geonames_full_name (pop 293,642)"
ES025,A Coruña,ES,43.371350,-8.396000,3119841,A Coruña,"geonames_full_name (pop 250,438)"
ES059,Granada,ES,37.188170,-3.606670,2517117,Granada,"geonames_full_name (pop 233,532)"
ES062,Jerez de la Frontera,ES,36.686450,-6.136060,2516326,Jerez de la Frontera,"geonames_full_name (pop 212,879)"
ES063,San Sebastián/Donostia,ES,43.312830,-1.974990,3110044,Donostia / San Sebastián,"name_part:'San Sebastián' (pop 185,357)"
ES069,Castellón de la Plana/Castelló de la Plana,ES,39.985670,-0.049350,2519752,Castelló de la Plana,"name_part:'Castellón de la Plana' (pop 171,857)"
FI001,Helsinki/Helsingfors,FI,60.169520,24.935450,658225,Helsinki,"name_part:'Helsinki' (pop 658,864)"
FI002,Tampere/Tammerfors,FI,61.499110,23.787120,634963,Tampere,"name_part:'Tampere' (pop 260,646)"
FI003,Turku/Åbo,FI,60.451480,22.268690,633679,Turku,"name_part:'Turku' (pop 206,655)"
FI004,Oulu/Uleåborg,FI,65.012360,25.468160,643492,Oulu,"name_part:'Oulu' (pop 216,066)"
FI009,Jyväskylä,FI,62.241470,25.720880,655194,Jyväskylä,"geonames_full_name (pop 148,744)"
FR001,Paris,FR,48.853410,2.348800,2988507,Paris,"geonames_full_name (pop 2,138,551)"
FR002,Lyon,FR,45.749060,4.847890,2996944,Lyon,"geonames_full_name (pop 520,774)"
FR003,Lille,FR,50.633910,3.055120,2998324,Lille,"geonames_full_name (pop 238,695)"
FR004,Marseille,FR,43.296950,5.381070,2995469,Marseille,"geonames_full_name (pop 877,215)"
FR005,Bordeaux,FR,44.841240,-0.580460,3031582,Bordeaux,"geonames_full_name (pop 265,328)"
FR006,Toulouse,FR,43.604260,1.443670,2972315,Toulouse,"geonames_full_name (pop 511,684)"
FR007,Nantes,FR,47.217250,-1.553360,2990969,Nantes,"geonames_full_name (pop 325,070)"
FR008,Nice,FR,43.703130,7.266080,2990440,Nice,"geonames_full_name (pop 342,669)"
FR009,Strasbourg,FR,48.583920,7.745530,2973783,Strasbourg,"geonames_full_name (pop 274,845)"
FR010,Rouen,FR,49.443130,1.099320,2982652,Rouen,"geonames_full_name (pop 116,331)"
FR011,Montpellier,FR,43.610930,3.876350,2992166,Montpellier,"geonames_full_name (pop 248,252)"
FR012,Grenoble,FR,45.178690,5.714790,3014728,Grenoble,"geonames_full_name (pop 158,552)"
FR013,Tours,FR,47.394840,0.703980,2972191,Tours,"geonames_full_name (pop 141,621)"
FR014,Cannes-Antibes,FR,43.551350,7.012750,3028808,Cannes,"compound_part:'Cannes' (pop 74,545)"
FR015,Toulon,FR,43.124420,5.928360,2972328,Toulon,"geonames_full_name (pop 168,701)"
FR016,Rennes,FR,48.111090,-1.674310,2983990,Rennes,"geonames_full_name (pop 227,830)"
FR017,Reims,FR,49.265260,4.028530,2984114,Reims,"geonames_full_name (pop 196,565)"
FR018,Orléans,FR,47.902480,1.904070,2989317,Orléans,"geonames_full_name (pop 116,344)"
FR019,Nancy,FR,48.684390,6.184960,2990999,Nancy,"geonames_full_name (pop 105,058)"
FR020,Dijon,FR,47.313440,5.013910,3021372,Dijon,"geonames_full_name (pop 159,941)"
FR021,Clermont-Ferrand,FR,45.779690,3.086820,3024635,Clermont-Ferrand,"geonames_full_name (pop 147,865)"
FR022,Le Havre,FR,49.493460,0.107850,3003796,Le Havre,"geonames_full_name (pop 185,972)"
FR023,Saint-Étienne,FR,45.433890,4.390000,2980291,Saint-Étienne,"geonames_full_name (pop 176,280)"
FR024,Angers,FR,47.471560,-0.552020,3037656,Angers,"geonames_full_name (pop 168,279)"
FR025,Mulhouse,FR,47.752050,7.328660,2991214,Mulhouse,"geonames_full_name (pop 111,430)"
FR026,Lens,FR,50.433020,2.827910,3003093,Lens,"geonames_full_name (pop 38,265)"
FR027,Metz,FR,49.119110,6.172690,2994160,Metz,"geonames_full_name (pop 123,914)"
FR028,Nîmes,FR,43.836650,4.357880,2990363,Nîmes,"geonames_full_name (pop 148,236)"
FR029,Le Mans,FR,48.002100,0.202510,3003603,Le Mans,"geonames_full_name (pop 144,515)"
FR030,Saint-Denis,FR,48.935640,2.353870,2980916,Saint-Denis,"geonames_full_name (pop 96,128)"
FR031,Caen,FR,49.185850,-0.359120,3029241,Caen,"geonames_full_name (pop 110,624)"
FR032,Limoges,FR,45.833620,1.247590,2998286,Limoges,"geonames_full_name (pop 141,176)"
FR034,Brest,FR,48.390290,-4.486280,3030300,Brest,"geonames_full_name (pop 144,899)"
FR035,Amiens,FR,49.900000,2.300000,3037854,Amiens,"geonames_full_name (pop 143,086)"
FR036,Dunkerque,FR,51.034400,2.376810,3020686,Dunkirk,"geonames_full_name (pop 86,263)"
FR037,Perpignan,FR,42.697640,2.895410,2987914,Perpignan,"geonames_full_name (pop 110,706)"
FR038,Annecy,FR,45.908780,6.125650,3037543,Annecy,"geonames_full_name (pop 49,232)"
FR039,Besançon,FR,47.248780,6.018150,3033123,Besançon,"geonames_full_name (pop 128,426)"
FR040,Bayonne,FR,43.493160,-1.473000,3034475,Bayonne,"geonames_full_name (pop 44,396)"
FR042,Pau,FR,43.311170,-0.355830,2988358,Pau,"geonames_full_name (pop 82,697)"
FR043,Avignon,FR,43.948340,4.808920,3035681,Avignon,"geonames_full_name (pop 89,769)"
FR045,Valenciennes,FR,50.359090,3.525060,2971041,Valenciennes,"geonames_full_name (pop 44,821)"
FR046,Fort-de-France,FR,14.603650,-61.074180,3570675,Fort-de-France,"alias:French overseas FUA (Martinique); GeoNames country MQ (pop 89,995)"
FR047,Poitiers,FR,46.582610,0.343480,2986495,Poitiers,"geonames_full_name (pop 85,960)"
FR055,Lorient,FR,47.748170,-3.371770,2997577,Lorient,"geonames_full_name (pop 58,112)"
FR069,Saint-Brieuc,FR,48.515130,-2.768380,2981280,Saint-Brieuc,"geonames_full_name (pop 52,774)"
FR076,Annemasse-Geneva (French part),FR,46.194390,6.237750,3037538,Annemasse,"compound_part:'Annemasse' (pop 28,275)"
HR001,Zagreb,HR,45.814440,15.977980,3186886,Zagreb,"geonames_full_name (pop 663,592)"
HR005,Split,HR,43.508910,16.439150,3190261,Split,"geonames_full_name (pop 149,830)"
HU001,Budapest,HU,47.498350,19.040450,3054643,Budapest,"geonames_full_name (pop 1,741,041)"
HU002,Miskolc,HU,48.103270,20.778060,717582,Miskolc,"geonames_full_name (pop 154,521)"
HU005,Debrecen,HU,47.531670,21.624440,721472,Debrecen,"geonames_full_name (pop 202,402)"
HU007,Győr,HU,47.683330,17.635120,3052009,Győr,"geonames_full_name (pop 129,301)"
HU009,Székesfehérvár,HU,47.189950,18.410340,3044774,Székesfehérvár,"geonames_full_name (pop 101,600)"
IE001,Dublin,IE,53.333060,-6.248890,2964574,Dublin,"geonames_full_name (pop 1,024,027)"
IE002,Cork,IE,51.897970,-8.470610,2965140,Cork,"geonames_full_name (pop 224,004)"
IE003,Limerick,IE,52.664720,-8.623060,2962943,Limerick,"geonames_full_name (pop 102,287)"
IE004,Galway,IE,53.272450,-9.050950,2964180,Galway,"geonames_full_name (pop 85,910)"
IT001,Roma,IT,41.891930,12.511330,3169070,Rome,"geonames_full_name (pop 2,318,895)"
IT002,Milano,IT,45.464270,9.189510,3173435,Milan,"geonames_full_name (pop 1,371,498)"
IT003,Napoli,IT,40.852160,14.268110,3172394,Naples,"geonames_full_name (pop 909,048)"
IT004,Torino,IT,45.070490,7.686820,3165524,Turin,"geonames_full_name (pop 847,287)"
IT005,Palermo,IT,38.116600,13.363600,2523920,Palermo,"geonames_full_name (pop 648,260)"
IT006,Genova,IT,44.404780,8.944390,3176219,Genoa,"geonames_full_name (pop 580,097)"
IT007,Firenze,IT,43.779250,11.246260,3176959,Florence,"geonames_full_name (pop 367,150)"
IT008,Bari,IT,41.120660,16.869820,3182351,Bari,"geonames_full_name (pop 316,491)"
IT009,Bologna,IT,44.493810,11.338750,3181928,Bologna,"geonames_full_name (pop 394,843)"
IT010,Catania,IT,37.492230,15.070410,2525068,Catania,"geonames_full_name (pop 311,584)"
IT011,Venezia,IT,45.437130,12.332650,3164603,Venice,"geonames_full_name (pop 51,298)"
IT012,Verona,IT,45.438540,10.993800,3164527,Verona,"geonames_full_name (pop 258,031)"
IT014,Trento,IT,46.067870,11.121080,3165243,Trento,"geonames_full_name (pop 120,709)"
IT016,Perugia,IT,43.112200,12.388780,3171180,Perugia,"geonames_full_name (pop 120,137)"
IT017,Ancona,IT,43.607170,13.510300,3183089,Ancona,"geonames_full_name (pop 89,994)"
IT021,Taranto,IT,40.464380,17.247070,3165926,Taranto,"geonames_full_name (pop 198,585)"
IT025,Sassari,IT,40.725860,8.555520,3167096,Sassari,"geonames_full_name (pop 91,895)"
IT026,Cagliari,IT,39.230540,9.119170,2525473,Cagliari,"geonames_full_name (pop 149,257)"
IT027,Padova,IT,45.407970,11.885860,3171728,Padua,"geonames_full_name (pop 203,725)"
IT028,Brescia,IT,45.535580,10.214720,3181554,Brescia,"geonames_full_name (pop 200,423)"
IT029,Modena,IT,44.647830,10.925390,3173331,Modena,"geonames_full_name (pop 184,732)"
IT031,Salerno,IT,40.675450,14.793280,3168673,Salerno,"geonames_full_name (pop 125,797)"
IT038,Pesaro,IT,43.909210,12.916400,3171173,Pesaro,"geonames_full_name (pop 77,241)"
IT042,Varese,IT,45.820580,8.825110,3164699,Varese,"geonames_full_name (pop 80,588)"
IT043,Asti,IT,44.901620,8.207510,3182714,Asti,"geonames_full_name (pop 74,348)"
IT064,Messina,IT,38.193940,15.552560,2524170,Messina,"geonames_full_name (pop 219,948)"
IT065,Prato,IT,43.880500,11.096990,3169921,Prato,"geonames_full_name (pop 195,089)"
IT066,Parma,IT,44.799350,10.326180,3171457,Parma,"geonames_full_name (pop 198,292)"
IT068,Reggio nell'Emilia,IT,44.698250,10.631250,3169522,Reggio nell'Emilia,"geonames_full_name (pop 171,944)"
IT071,Rimini,IT,44.057550,12.565280,3169361,Rimini,"geonames_full_name (pop 148,688)"
IT073,Bergamo,IT,45.696010,9.667210,3182164,Bergamo,"geonames_full_name (pop 121,200)"
IT079,Alessandria,IT,44.909240,8.610070,3183299,Alessandria,"geonames_full_name (pop 92,104)"
LT001,Vilnius,LT,54.689160,25.279800,593116,Vilnius,"geonames_full_name (pop 542,366)"
LT002,Kaunas,LT,54.901560,23.909090,598316,Kaunas,"geonames_full_name (pop 289,380)"
LU001,Luxembourg,LU,49.609820,6.132680,2960316,Luxembourg,"geonames_full_name (pop 76,684)"
LV001,Riga,LV,56.946000,24.105890,456172,Riga,"geonames_full_name (pop 742,572)"
NL001,Amsterdam,NL,52.374030,4.889690,2759794,Amsterdam,"geonames_full_name (pop 741,636)"
NL002,Alkmaar,NL,52.631670,4.748610,2759899,Alkmaar,"geonames_full_name (pop 94,853)"
NL008,Arnhem,NL,51.980000,5.911110,2759661,Arnhem,"geonames_full_name (pop 162,424)"
NL011,Breda,NL,51.586560,4.775960,2758401,Breda,"geonames_full_name (pop 184,126)"
NL014,Eindhoven,NL,51.440830,5.477780,2756253,Eindhoven,"geonames_full_name (pop 235,691)"
NL015,Enschede,NL,52.218330,6.895830,2756071,Enschede,"geonames_full_name (pop 153,655)"
NL017,'s-Gravenhage,NL,52.076670,4.298610,2747373,The Hague,"geonames_full_name (pop 474,292)"
NL018,Groningen,NL,53.219170,6.566670,2755251,Groningen,"geonames_full_name (pop 244,807)"
NL022,Heerlen,NL,50.883650,5.981540,2754652,Heerlen,"geonames_full_name (pop 93,084)"
NL025,'s-Hertogenbosch,NL,51.699170,5.304170,2747351,'s-Hertogenbosch,"geonames_full_name (pop 160,783)"
NL029,Leiden,NL,52.158330,4.493060,2751773,Leiden,"geonames_full_name (pop 119,713)"
NL033,Nijmegen,NL,51.842500,5.852780,2750053,Nijmegen,"geonames_full_name (pop 177,359)"
NL037,Rotterdam,NL,51.922500,4.479170,2747891,Rotterdam,"geonames_full_name (pop 868,135)"
NL041,Tilburg,NL,51.555510,5.091300,2746301,Tilburg,"geonames_full_name (pop 221,947)"
NL042,Utrecht,NL,52.090830,5.122220,2745912,Utrecht,"geonames_full_name (pop 376,435)"
NL047,Zwolle,NL,52.512500,6.094440,2743477,Zwolle,"geonames_full_name (pop 129,840)"
NO001,Oslo,NO,59.912730,10.746090,3143244,Oslo,"geonames_full_name (pop 1,082,575)"
NO002,Bergen,NO,60.392990,5.324150,3161732,Bergen,"geonames_full_name (pop 294,029)"
NO003,Trondheim,NO,63.430490,10.395060,3133880,Trondheim,"geonames_full_name (pop 216,518)"
NO004,Stavanger,NO,58.970050,5.733320,3137115,Stavanger,"geonames_full_name (pop 151,669)"
PL001,Warszawa,PL,52.229770,21.011780,756135,Warsaw,"geonames_full_name (pop 1,702,139)"
PL002,Łódź,PL,51.770580,19.473950,3093133,Łódź,"geonames_full_name (pop 639,890)"
PL003,Kraków,PL,50.061430,19.936580,3094802,Kraków,"geonames_full_name (pop 816,614)"
PL004,Wrocław,PL,51.102860,17.030060,3081368,Wrocław,"geonames_full_name (pop 672,545)"
PL005,Poznań,PL,52.406920,16.929930,3088171,Poznań,"geonames_full_name (pop 536,151)"
PL006,Gdańsk,PL,54.352270,18.649120,3099434,Gdańsk,"geonames_full_name (pop 487,371)"
PL007,Szczecin,PL,53.428940,14.553020,3083829,Szczecin,"geonames_full_name (pop 395,513)"
PL008,Bydgoszcz,PL,53.123500,18.007620,3102014,Bydgoszcz,"geonames_full_name (pop 330,038)"
PL009,Lublin,PL,51.250580,22.570090,765876,Lublin,"geonames_full_name (pop 336,339)"
PL010,Katowice,PL,50.259700,19.021730,3096472,Katowice,"geonames_full_name (pop 286,960)"
PL011,Białystok,PL,53.133330,23.164330,776069,Białystok,"geonames_full_name (pop 295,683)"
PL012,Kielce,PL,50.870330,20.627520,769250,Kielce,"geonames_full_name (pop 192,468)"
PL013,Toruń,PL,53.013750,18.598140,3083271,Toruń,"geonames_full_name (pop 196,935)"
PL014,Olsztyn,PL,53.783760,20.492720,763166,Olsztyn,"geonames_full_name (pop 169,793)"
PL015,Rzeszów,PL,50.041320,21.999010,759734,Rzeszów,"geonames_full_name (pop 198,317)"
PL020,Nowy Sącz,PL,49.621770,20.697050,763534,Nowy Sącz,"geonames_full_name (pop 84,376)"
PL024,Częstochowa,PL,50.796460,19.124090,3100946,Częstochowa,"geonames_full_name (pop 248,125)"
PL025,Radom,PL,51.402530,21.147140,760778,Radom,"geonames_full_name (pop 226,794)"
PL058,Bielsko-Biała,PL,49.822450,19.046860,3103402,Bielsko-Biala,"geonames_full_name (pop 176,515)"
PT001,Lisboa,PT,38.725090,-9.149800,2267057,Lisbon,"geonames_full_name (pop 517,802)"
PT002,Porto,PT,41.148500,-8.610970,2735943,Porto,"geonames_full_name (pop 252,687)"
PT004,Funchal,PT,32.665680,-16.925470,2267827,Funchal,"geonames_full_name (pop 105,795)"
PT005,Coimbra,PT,40.206860,-8.419960,2740637,Coimbra,"geonames_full_name (pop 140,796)"
RO001,Bucureşti,RO,44.432250,26.106260,683506,Bucharest,"geonames_full_name (pop 1,877,155)"
RO002,Cluj-Napoca,RO,46.766670,23.600000,681290,Cluj-Napoca,"geonames_full_name (pop 286,598)"
RO003,Timişoara,RO,45.753720,21.225710,665087,Timişoara,"geonames_full_name (pop 250,849)"
RO004,Craiova,RO,44.316670,23.800000,680332,Craiova,"geonames_full_name (pop 234,140)"
RO023,Constanţa,RO,44.180730,28.634320,680963,Constanţa,"geonames_full_name (pop 317,832)"
RO024,Iaşi,RO,47.166670,27.600000,675810,Iaşi,"geonames_full_name (pop 378,954)"
RO025,Galaţi,RO,45.436870,28.050280,677697,Galaţi,"geonames_full_name (pop 217,851)"
RO026,Braşov,RO,45.648610,25.606130,683844,Braşov,"geonames_full_name (pop 253,200)"
RO027,Ploieşti,RO,44.950000,26.016670,670474,Ploieşti,"geonames_full_name (pop 180,540)"
SE001,Stockholm,SE,59.329380,18.068710,2673730,Stockholm,"geonames_full_name (pop 1,515,017)"
SE002,Göteborg,SE,57.707160,11.966790,2711537,Gothenburg,"geonames_full_name (pop 608,462)"
SE003,Malmö,SE,55.605870,13.000730,2692969,Malmö,"geonames_full_name (pop 362,133)"
SE006,Uppsala,SE,59.858820,17.638890,2666199,Uppsala,"geonames_full_name (pop 177,074)"
SE007,Linköping,SE,58.410860,15.621570,2694762,Linköping,"geonames_full_name (pop 166,673)"
SE008,Örebro,SE,59.274120,15.206600,2686657,Örebro,"geonames_full_name (pop 155,989)"
SI001,Osrednjeslovenska,SI,46.051080,14.505130,3196359,Ljubljana,"alias:Osrednjeslovenska region -> capital (pop 272,220)"
SI002,Podravska,SI,46.555830,15.645930,3195506,Maribor,"alias:Podravska region -> principal city (pop 96,209)"
SK001,Bratislava,SK,48.148160,17.106740,3060972,Bratislava,"geonames_full_name (pop 423,737)"
SK002,Košice,SK,48.714410,21.258020,724443,Košice,"geonames_full_name (pop 225,044)"
TR001,Ankara,TR,39.919870,32.854270,323786,Ankara,"geonames_full_name (pop 3,517,182)"
TR002,Adana,TR,36.986150,35.325310,325363,Adana,"geonames_full_name (pop 1,816,750)"
TR003,Antalya,TR,36.908120,30.695560,323777,Antalya,"geonames_full_name (pop 1,335,002)"
TR004,Balikesir,TR,39.649170,27.886110,322165,Balıkesir,"geonames_full_name (pop 238,151)"
TR005,Bursa,TR,40.195590,29.060130,750269,Bursa,"geonames_full_name (pop 3,101,833)"
TR006,Denizli,TR,37.774170,29.087500,317109,Denizli,"geonames_full_name (pop 313,238)"
TR007,Diyarbakir,TR,37.913630,40.217210,316541,Diyarbakır,"geonames_full_name (pop 1,833,684)"
TR009,Erzurum,TR,39.908610,41.276940,315368,Erzurum,"geonames_full_name (pop 767,848)"
TR010,Gaziantep,TR,37.059440,37.382500,314830,Gaziantep,"geonames_full_name (pop 2,222,415)"
TR011,Hatay,TR,36.206550,36.157220,323779,Antakya,"geonames_full_name (pop 399,045)"
TR012,Istanbul,TR,41.013840,28.949660,745044,Istanbul,"geonames_full_name (pop 15,701,602)"
TR013,Izmir,TR,38.412730,27.138380,311046,İzmir,"geonames_full_name (pop 2,938,292)"
TR016,Kayseri,TR,38.732220,35.485280,308464,Kayseri,"geonames_full_name (pop 1,452,458)"
TR017,Kocaeli,TR,40.764990,29.929280,745028,İzmit,"alias:Kocaeli FUA -> chief city of the province (pop 196,571)"
TR018,Konya,TR,37.871350,32.484640,306571,Konya,"geonames_full_name (pop 1,433,861)"
TR019,Malatya,TR,38.350180,38.316670,304922,Malatya,"geonames_full_name (pop 750,491)"
TR020,Manisa,TR,38.612020,27.426470,304827,Manisa,"geonames_full_name (pop 243,971)"
TR022,Samsun,TR,41.279760,36.336100,740264,Samsun,"geonames_full_name (pop 394,050)"
TR024,Trabzon,TR,41.005000,39.726940,738648,Trabzon,"geonames_full_name (pop 244,083)"
TR025,Van,TR,38.494570,43.383230,298117,Van,"geonames_full_name (pop 525,016)"
UK001,London,UK,51.508530,-0.125740,2643743,London,"geonames_full_name (pop 8,961,989)"
UK002,West Midlands urban area,UK,52.481420,-1.899830,2655603,Birmingham,"alias:West Midlands urban area -> principal city (pop 1,157,603)"
UK003,Leeds,UK,53.796480,-1.547850,2644688,Leeds,"geonames_full_name (pop 536,280)"
UK004,Glasgow,UK,55.865150,-4.257630,2648579,Glasgow,"geonames_full_name (pop 626,410)"
UK006,Liverpool,UK,53.410580,-2.977940,2644210,Liverpool,"geonames_full_name (pop 496,770)"
UK007,Edinburgh,UK,55.952060,-3.196480,2650225,Edinburgh,"geonames_full_name (pop 514,990)"
UK008,Manchester,UK,53.480950,-2.237430,2643123,Manchester,"geonames_full_name (pop 568,996)"
UK009,Cardiff,UK,51.480000,-3.180000,2653822,Cardiff,"geonames_full_name (pop 372,089)"
UK010,Sheffield,UK,53.382970,-1.465900,2638077,Sheffield,"geonames_full_name (pop 556,500)"
UK011,Bristol,UK,51.455230,-2.596650,2654675,Bristol,"geonames_full_name (pop 479,024)"
UK013,Newcastle upon Tyne,UK,54.973280,-1.613960,2641673,Newcastle upon Tyne,"geonames_full_name (pop 300,125)"
UK014,Leicester,UK,52.638600,-1.131690,2644668,Leicester,"geonames_full_name (pop 368,600)"
UK016,Aberdeen,UK,57.143690,-2.098140,2657832,Aberdeen,"geonames_full_name (pop 198,590)"
UK017,Cambridge,UK,52.200000,0.116670,2653941,Cambridge,"geonames_full_name (pop 145,674)"
UK018,Exeter,UK,50.723600,-3.527510,2649808,Exeter,"geonames_full_name (pop 130,709)"
UK019,Lincoln,UK,53.226830,-0.537920,2644487,Lincoln,"geonames_full_name (pop 103,813)"
UK021,Stevenage,UK,51.902240,-0.202560,2636940,Stevenage,"geonames_full_name (pop 91,774)"
UK023,Portsmouth,UK,50.798990,-1.091250,2639996,Portsmouth,"geonames_full_name (pop 208,100)"
UK024,Worcester,UK,52.189350,-2.220010,2633563,Worcester,"geonames_full_name (pop 101,659)"
UK025,Coventry,UK,52.406560,-1.512170,2652221,Coventry,"geonames_full_name (pop 345,324)"
UK026,Kingston upon Hull,UK,53.744600,-0.335250,2645425,Kingston upon Hull,"geonames_full_name (pop 314,018)"
UK027,Stoke-on-Trent,UK,53.004150,-2.185380,2636841,Stoke-on-Trent,"geonames_full_name (pop 258,366)"
UK029,Nottingham,UK,52.953600,-1.150470,2641170,Nottingham,"geonames_full_name (pop 323,632)"
UK031,Bath and North East Somerset,UK,51.375100,-2.361720,2656173,Bath,"compound_part:'Bath' (pop 101,557)"
UK033,Guildford,UK,51.235360,-0.574270,2647793,Guildford,"geonames_full_name (pop 71,873)"
UK034,Thanet,UK,51.366670,1.416670,2638703,Saint Peters,"geonames_full_name (pop 125,370)"
UK041,Ashford,UK,51.146480,0.873760,2656955,Ashford,"geonames_full_name (pop 62,787)"
UK043,East Staffordshire,UK,52.807280,-1.642630,2654200,Burton upon Trent,"alias:East Staffordshire -> principal town (pop 122,199)"
UK044,Darlington,UK,54.524290,-1.550390,2651513,Darlington,"geonames_full_name (pop 92,363)"
UK045,Worthing,UK,50.817950,-0.375380,2633521,Worthing,"geonames_full_name (pop 113,866)"
UK046,Mansfield,UK,53.133330,-1.200000,2643097,Mansfield,"geonames_full_name (pop 171,958)"
UK047,Chesterfield,UK,53.250000,-1.416670,2653225,Chesterfield,"geonames_full_name (pop 113,057)"
UK050,Burnley,UK,53.800000,-2.233330,2654264,Burnley,"geonames_full_name (pop 149,422)"
UK051,Great Yarmouth,UK,52.608310,1.730520,2647984,Great Yarmouth,"geonames_full_name (pop 63,434)"
UK055,Eastbourne,UK,50.768710,0.284530,2650497,Eastbourne,"geonames_full_name (pop 101,689)"
UK056,Hastings,UK,50.855680,0.580090,2647356,Hastings,"geonames_full_name (pop 92,855)"
UK059,Redditch,UK,52.306500,-1.945690,2639557,Redditch,"geonames_full_name (pop 87,847)"
UK062,Halton,UK,53.341740,-2.731240,2638960,Runcorn,"alias:Halton -> largest town (Runcorn/Widnes) (pop 61,145)"
UK506,Doncaster,UK,53.522850,-1.131160,2651123,Doncaster,"geonames_full_name (pop 113,566)"
UK510,Sunderland,UK,54.904650,-1.382220,2636531,Sunderland,"geonames_full_name (pop 170,134)"
UK513,Medway,UK,51.389140,0.548630,2648657,Gillingham,"alias:Medway -> largest Medway town (pop 101,187)"
UK515,Brighton and Hove,UK,50.828380,-0.139470,2654710,Brighton,"compound_part:'Brighton' (pop 283,870)"
UK516,Plymouth,UK,50.371530,-4.143050,2640194,Plymouth,"geonames_full_name (pop 260,203)"
UK517,Swansea,UK,51.620790,-3.943230,2636432,Swansea,"geonames_full_name (pop 300,352)"
UK518,Derby,UK,52.922770,-1.476630,2651347,Derby,"geonames_full_name (pop 270,468)"
UK520,Southampton,UK,50.903950,-1.404280,2637487,Southampton,"geonames_full_name (pop 269,781)"
UK525,Milton Keynes,UK,52.041720,-0.755830,2642465,Milton Keynes,"geonames_full_name (pop 256,385)"
UK528,Northampton,UK,52.250000,-0.883330,2641430,Northampton,"geonames_full_name (pop 245,899)"
UK531,Warrington,UK,53.392540,-2.580240,2634739,Warrington,"geonames_full_name (pop 172,330)"
UK532,Luton,UK,51.879670,-0.417480,2643339,Luton,"geonames_full_name (pop 225,262)"
UK533,York,UK,53.957630,-1.082710,2633352,York,"geonames_full_name (pop 156,135)"
UK535,Swindon,UK,51.557970,-1.781160,2636389,Swindon,"geonames_full_name (pop 201,669)"
UK539,Bournemouth,UK,50.720480,-1.879500,2655095,Bournemouth,"geonames_full_name (pop 163,600)"
UK542,Telford and Wrekin,UK,52.676590,-2.449260,3345439,Telford,"compound_part:'Telford' (pop 155,570)"
UK543,North East Lincolnshire,UK,53.565390,-0.075530,2647878,Grimsby,"alias:North East Lincolnshire -> principal town (pop 86,138)"
UK545,Peterborough,UK,52.573640,-0.247770,2640354,Peterborough,"geonames_full_name (pop 163,379)"
UK546,Colchester,UK,51.889210,0.904210,2652618,Colchester,"geonames_full_name (pop 130,245)"
UK548,Basingstoke and Deane,UK,51.262490,-1.087080,2656192,Basingstoke,"compound_part:'Basingstoke' (pop 107,642)"
UK549,Bedford,UK,52.134590,-0.466320,2656046,Bedford,"geonames_full_name (pop 106,940)"
UK550,Dundee City,UK,56.469130,-2.974890,2650752,Dundee,"compound_part:'Dundee' (pop 148,210)"
UK551,Falkirk,UK,56.002100,-3.785350,2649723,Falkirk,"geonames_full_name (pop 35,310)"
UK552,Reading,UK,51.456250,-0.971130,2639577,Reading,"geonames_full_name (pop 318,014)"
UK553,Blackpool,UK,53.816670,-3.050000,2655459,Blackpool,"geonames_full_name (pop 145,007)"
UK554,Maidstone,UK,51.266670,0.516670,2643179,Maidstone,"geonames_full_name (pop 107,627)"
UK556,Dacorum,UK,51.753680,-0.449750,2647138,Hemel Hempstead,"alias:Dacorum -> principal town (pop 95,961)"
UK557,Blackburn with Darwen,UK,53.750000,-2.483330,2655524,Blackburn,"compound_part:'Blackburn' (pop 146,521)"
UK558,Newport,UK,51.587740,-2.998350,2641598,Newport,"geonames_full_name (pop 161,506)"
UK559,Middlesbrough,UK,54.576230,-1.234830,2642607,Middlesbrough,"geonames_full_name (pop 142,707)"
UK560,Oxford,UK,51.752220,-1.255960,2640729,Oxford,"geonames_full_name (pop 162,100)"
UK561,Torbay,UK,50.461980,-3.525220,2635650,Torquay,"alias:Torbay -> largest of the three towns (pop 65,388)"
UK562,Preston,UK,53.762820,-2.704520,2639912,Preston,"geonames_full_name (pop 313,332)"
UK566,Norwich,UK,52.627830,1.298340,2641181,Norwich,"geonames_full_name (pop 143,135)"
UK567,Slough,UK,51.509490,-0.595410,2637627,Slough,"geonames_full_name (pop 164,793)"
UK568,Cheshire West and Chester,UK,53.190500,-2.891890,2653228,Chester,"compound_part:'Chester' (pop 90,524)"
UK569,Ipswich,UK,52.059170,1.155450,2646057,Ipswich,"geonames_full_name (pop 178,835)"
UK571,Cheltenham,UK,51.900060,-2.079720,2653261,Cheltenham,"geonames_full_name (pop 118,836)"
UK572,Gloucester,UK,51.865680,-2.243100,2648404,Gloucester,"geonames_full_name (pop 132,416)"
UK573,Bracknell Forest,UK,51.413630,-0.750540,2655009,Bracknell,"compound_part:'Bracknell' (pop 76,103)"
UK576,Crawley,UK,51.113030,-0.183120,2652053,Crawley,"geonames_full_name (pop 124,008)"
UK580,Rushmoor,UK,51.294240,-0.755650,2649672,Farnborough,"alias:Rushmoor -> largest town (Farnborough/Aldershot) (pop 60,652)"
