urban_system_id,city,country_code,country_name,environment_score,environment_pm25_score,environment_pm25_year,environment_green_score,environment_green_year,mobility_score,public_transport_score,public_transport_year,economic_opportunity_score,employment_score,employment_year,unemployment_score,unemployment_year,perceived_safety_score,perceived_safety_year,community_score,community_year,life_satisfaction_score,life_satisfaction_year,housing_satisfaction_score,housing_satisfaction_year,profile_dimensions_available,profile_coverage_pct,explorer_eligible,environment_eligible,mobility_eligible,economic_eligible,extended_profile_eligible,radar_eligible,n_perception_dimensions
AT001,Wien,AT,Austria,32.99,50.66,2025,15.33,2021,3.71,3.71,2023,,36.16,2024,,,70.0,2023,58.75,2023,69.38,2023,30.0,2023,6,85.7,TRUE,TRUE,TRUE,FALSE,FALSE,FALSE,4
AT002,Graz,AT,Austria,33.73,33.68,2025,33.79,2021,,,,,44.65,2024,,,61.25,2023,76.25,2023,56.25,2023,38.75,2023,5,71.4,FALSE,TRUE,FALSE,FALSE,FALSE,FALSE,4
AT003,Linz,AT,Austria,42.0,50.22,2025,33.79,2021,,,,,78.78,2024,,,,,,,,,,,1,14.3,FALSE,TRUE,FALSE,FALSE,FALSE,FALSE,0
AT004,Salzburg,AT,Austria,53.31,39.29,2025,67.34,2021,,,,,81.73,2024,,,,,,,,,,,1,14.3,FALSE,TRUE,FALSE,FALSE,FALSE,FALSE,0
AT005,Innsbruck,AT,Austria,42.28,66.03,2025,18.54,2021,,,,,88.56,2024,,,,,,,,,,,1,14.3,FALSE,TRUE,FALSE,FALSE,FALSE,FALSE,0
AT006,Klagenfurt,AT,Austria,45.0,38.4,2025,51.61,2021,,,,,60.89,2024,,,,,,,,,,,1,14.3,FALSE,TRUE,FALSE,FALSE,FALSE,FALSE,0
BE001,Bruxelles,BE,Belgium,48.86,80.06,2025,17.66,2021,66.84,66.84,2023,,,,,,21.25,2023,26.25,2023,58.13,2023,18.75,2023,6,85.7,TRUE,TRUE,TRUE,FALSE,FALSE,FALSE,4
BE002,Antwerpen,BE,Belgium,79.59,81.09,2025,78.09,2021,27.45,27.45,2023,,,,,,55.0,2023,45.0,2023,95.62,2023,45.0,2023,6,85.7,TRUE,TRUE,TRUE,FALSE,FALSE,FALSE,4
BE003,Gent,BE,Belgium,78.09,68.69,2025,87.48,2021,40.98,40.98,2023,,,,,,,,,,,,,,2,28.6,TRUE,TRUE,TRUE,FALSE,FALSE,FALSE,0
BE004,Charleroi,BE,Belgium,92.99,90.55,2025,95.43,2021,55.17,55.17,2023,,,,,,,,,,,,,,2,28.6,TRUE,TRUE,TRUE,FALSE,FALSE,FALSE,0
BE005,Liège,BE,Belgium,81.94,83.46,2025,80.42,2021,56.5,56.5,2023,,,,,,6.25,2023,27.5,2023,41.25,2023,58.75,2023,6,85.7,TRUE,TRUE,TRUE,FALSE,FALSE,FALSE,4
BE006,Brugge,BE,Belgium,69.11,53.62,2025,84.59,2021,22.94,22.94,2023,,,,,,,,,,,,,,2,28.6,TRUE,TRUE,TRUE,FALSE,FALSE,FALSE,0
BE007,Namur,BE,Belgium,,79.76,2025,,,36.07,36.07,2023,,,,,,,,,,,,,,1,14.3,TRUE,FALSE,TRUE,FALSE,FALSE,FALSE,0
BE009,Mons,BE,Belgium,80.19,60.86,2025,99.52,2021,44.3,44.3,2023,,,,,,,,,,,,,,2,28.6,TRUE,TRUE,TRUE,FALSE,FALSE,FALSE,0
BE010,Kortrijk,BE,Belgium,79.31,64.4,2025,94.22,2021,53.18,53.18,2023,,,,,,,,,,,,,,2,28.6,TRUE,TRUE,TRUE,FALSE,FALSE,FALSE,0
BE011,Oostende,BE,Belgium,48.02,56.87,2025,39.17,2021,52.39,52.39,2023,,,,,,,,,,,,,,2,28.6,TRUE,TRUE,TRUE,FALSE,FALSE,FALSE,0
BE012,Mechelen,BE,Belgium,,,,99.12,2021,63.0,63.0,2023,,,,,,,,,,,,,,1,14.3,FALSE,FALSE,TRUE,FALSE,FALSE,FALSE,0
BE013,Mouscron,BE,Belgium,57.43,58.2,2025,56.66,2021,36.47,36.47,2023,,,,,,,,,,,,,,2,28.6,FALSE,TRUE,TRUE,FALSE,FALSE,FALSE,0
BE014,La Louvière,BE,Belgium,86.88,75.04,2025,98.72,2021,72.68,72.68,2023,,,,,,,,,,,,,,2,28.6,FALSE,TRUE,TRUE,FALSE,FALSE,FALSE,0
BE015,Verviers,BE,Belgium,,74.89,2025,,,61.8,61.8,2023,,,,,,,,,,,,,,1,14.3,FALSE,FALSE,TRUE,FALSE,FALSE,FALSE,0
BG001,Sofia,BG,Bulgaria,23.67,22.3,2025,25.04,2021,,,,79.9,67.9,2024,91.89,2024,11.25,2023,3.75,2023,16.88,2023,77.5,2023,6,85.7,TRUE,TRUE,FALSE,TRUE,FALSE,FALSE,4
BG002,Plovdiv,BG,Bulgaria,9.21,13.59,2025,4.82,2021,,,,63.9,38.93,2024,88.87,2024,,,,,,,,,2,28.6,TRUE,TRUE,FALSE,TRUE,FALSE,FALSE,0
BG003,Varna,BG,Bulgaria,39.62,42.39,2025,36.84,2021,,,,73.36,70.3,2024,76.42,2024,,,,,,,,,2,28.6,TRUE,TRUE,FALSE,TRUE,FALSE,FALSE,0
BG004,Burgas,BG,Bulgaria,23.5,24.22,2025,22.79,2021,,,,57.91,50.92,2024,64.91,2024,35.0,2023,33.75,2023,28.75,2023,79.38,2023,6,85.7,TRUE,TRUE,FALSE,TRUE,FALSE,FALSE,4
BG005,Pleven,BG,Bulgaria,57.58,29.84,2025,85.31,2021,,,,,,,,,,,,,,,,,1,14.3,FALSE,TRUE,FALSE,FALSE,FALSE,FALSE,0
BG006,Ruse,BG,Bulgaria,51.67,32.79,2025,70.55,2021,,,,,,,,,,,,,,,,,1,14.3,FALSE,TRUE,FALSE,FALSE,FALSE,FALSE,0
BG007,Vidin,BG,Bulgaria,,,,,,,,,,,,,,,,,,,,,,0,0.0,FALSE,FALSE,FALSE,FALSE,FALSE,FALSE,0
BG008,Stara Zagora,BG,Bulgaria,34.82,16.99,2025,52.65,2021,,,,,,,,,,,,,,,,,1,14.3,FALSE,TRUE,FALSE,FALSE,FALSE,FALSE,0
BG009,Sliven,BG,Bulgaria,,46.09,2025,,,,,,,,,,,,,,,,,,,0,0.0,FALSE,FALSE,FALSE,FALSE,FALSE,FALSE,0
BG010,Dobrich,BG,Bulgaria,,39.73,2025,,,,,,,,,,,,,,,,,,,0,0.0,FALSE,FALSE,FALSE,FALSE,FALSE,FALSE,0
BG011,Shumen,BG,Bulgaria,,26.14,2025,,,,,,,,,,,,,,,,,,,0,0.0,FALSE,FALSE,FALSE,FALSE,FALSE,FALSE,0
BG013,Yambol,BG,Bulgaria,,,,,,,,,,,,,,,,,,,,,,0,0.0,FALSE,FALSE,FALSE,FALSE,FALSE,FALSE,0
BG014,Haskovo,BG,Bulgaria,,19.2,2025,,,,,,,,,,,,,,,,,,,0,0.0,FALSE,FALSE,FALSE,FALSE,FALSE,FALSE,0
BG015,Pazardzhik,BG,Bulgaria,,30.58,2025,,,,,,,,,,,,,,,,,,,0,0.0,FALSE,FALSE,FALSE,FALSE,FALSE,FALSE,0
BG016,Blagoevgrad,BG,Bulgaria,,,,,,,,,,,,,,,,,,,,,,0,0.0,FALSE,FALSE,FALSE,FALSE,FALSE,FALSE,0
BG017,Veliko Tarnovo,BG,Bulgaria,,20.68,2025,,,,,,,,,,,,,,,,,,,0,0.0,FALSE,FALSE,FALSE,FALSE,FALSE,FALSE,0
BG018,Vratsa,BG,Bulgaria,,,,,,,,,,,,,,,,,,,,,,0,0.0,FALSE,FALSE,FALSE,FALSE,FALSE,FALSE,0
CH001,Bern,CH,Switzerland,56.22,26.74,2025,85.71,2021,44.3,44.3,2023,91.78,93.36,2022,90.19,2022,,,,,,,,,3,42.9,TRUE,TRUE,TRUE,TRUE,FALSE,TRUE,0
CH002,Zürich,CH,Switzerland,39.98,15.66,2025,64.29,2021,80.37,80.37,2023,85.76,91.14,2022,80.38,2022,96.25,2023,96.25,2023,100.0,2023,7.5,2023,7,100.0,TRUE,TRUE,TRUE,TRUE,TRUE,TRUE,4
CH003,Genève,CH,Switzerland,26.92,35.3,2025,18.54,2021,87.93,87.93,2023,12.86,14.02,2022,11.7,2022,75.0,2023,66.25,2023,82.5,2023,1.25,2023,7,100.0,TRUE,TRUE,TRUE,TRUE,TRUE,TRUE,4
CH004,Basel,CH,Switzerland,33.12,17.28,2025,48.96,2021,83.29,83.29,2023,71.54,72.14,2022,70.94,2022,,,,,,,,,3,42.9,TRUE,TRUE,TRUE,TRUE,FALSE,TRUE,0
CH005,Lausanne,CH,Switzerland,32.22,26.88,2025,37.56,2021,66.84,66.84,2023,40.86,40.59,2022,41.13,2022,,,,,,,,,3,42.9,TRUE,TRUE,TRUE,TRUE,FALSE,TRUE,0
CH006,Lucerne,CH,Switzerland,54.76,29.1,2025,80.42,2021,47.08,47.08,2023,,,,,,,,,,,,,,2,28.6,TRUE,TRUE,TRUE,FALSE,FALSE,FALSE,0
CH008,Lugano,CH,Switzerland,40.98,12.7,2025,69.26,2021,77.06,77.06,2023,,,,,,,,,,,,,,2,28.6,TRUE,TRUE,TRUE,FALSE,FALSE,FALSE,0
CH009,St. Gallen,CH,Switzerland,56.16,23.49,2025,88.84,2021,40.98,40.98,2023,,,,,,,,,,,,,,2,28.6,TRUE,TRUE,TRUE,FALSE,FALSE,FALSE,0
CH010,Biel/Bienne,CH,Switzerland,35.81,30.13,2025,41.49,2021,78.78,78.78,2023,,,,,,,,,,,,,,2,28.6,TRUE,TRUE,TRUE,FALSE,FALSE,FALSE,0
CH012,Zug,CH,Switzerland,48.93,19.05,2025,78.81,2021,33.55,33.55,2023,,,,,,,,,,,,,,2,28.6,FALSE,TRUE,TRUE,FALSE,FALSE,FALSE,0
CY001,Lefkosia,CY,Cyprus,29.73,34.42,2025,25.04,2021,,,,,,,,,,,,,,,,,1,14.3,FALSE,TRUE,FALSE,FALSE,FALSE,FALSE,0
CY002,Larnaka,CY,Cyprus,19.13,31.61,2025,6.66,2021,,,,,,,,,,,,,,,,,1,14.3,FALSE,TRUE,FALSE,FALSE,FALSE,FALSE,0
CY003,Lemesos,CY,Cyprus,21.75,37.96,2025,5.54,2021,,,,,,,,,,,,,,,,,1,14.3,FALSE,TRUE,FALSE,FALSE,FALSE,FALSE,0
CZ001,Praha,CZ,Czechia,34.87,27.03,2025,42.7,2021,80.37,80.37,2023,89.66,79.89,2022,99.43,2022,26.25,2023,15.0,2023,75.62,2023,37.5,2023,7,100.0,TRUE,TRUE,TRUE,TRUE,TRUE,TRUE,4
CZ002,Brno,CZ,Czechia,43.36,35.75,2025,50.96,2021,,,,85.05,71.22,2022,98.87,2022,,,,,,,,,2,28.6,TRUE,TRUE,FALSE,TRUE,FALSE,FALSE,0
CZ003,Ostrava,CZ,Czechia,57.64,20.83,2025,94.46,2021,,,,69.02,61.62,2022,76.42,2022,8.75,2023,10.0,2023,67.5,2023,86.25,2023,6,85.7,TRUE,TRUE,FALSE,TRUE,FALSE,FALSE,4
CZ004,Plzeň,CZ,Czechia,59.65,47.86,2025,71.43,2021,,,,87.07,75.65,2022,98.49,2022,,,,,,,,,2,28.6,TRUE,TRUE,FALSE,TRUE,FALSE,FALSE,0
CZ005,Ústí nad Labem,CZ,Czechia,66.42,35.89,2025,96.95,2021,,,,,,,,,,,,,,,,,1,14.3,FALSE,TRUE,FALSE,FALSE,FALSE,FALSE,0
CZ006,Olomouc,CZ,Czechia,40.39,40.18,2025,40.61,2021,1.06,1.06,2023,,,,,,,,,,,,,,2,28.6,TRUE,TRUE,TRUE,FALSE,FALSE,FALSE,0
CZ007,Liberec,CZ,Czechia,63.68,36.34,2025,91.01,2021,8.22,8.22,2023,,,,,,,,,,,,,,2,28.6,TRUE,TRUE,TRUE,FALSE,FALSE,FALSE,0
CZ008,České Budějovice,CZ,Czechia,48.37,56.13,2025,40.61,2021,,,,,,,,,,,,,,,,,1,14.3,FALSE,TRUE,FALSE,FALSE,FALSE,FALSE,0
CZ009,Hradec Králové,CZ,Czechia,45.19,23.04,2025,67.34,2021,,,,,,,,,,,,,,,,,1,14.3,FALSE,TRUE,FALSE,FALSE,FALSE,FALSE,0
CZ010,Pardubice,CZ,Czechia,52.35,27.33,2025,77.37,2021,,,,,,,,,,,,,,,,,1,14.3,FALSE,TRUE,FALSE,FALSE,FALSE,FALSE,0
CZ011,Zlín,CZ,Czechia,,,,,,,,,,,,,,,,,,,,,,0,0.0,FALSE,FALSE,FALSE,FALSE,FALSE,FALSE,0
CZ013,Karlovy Vary,CZ,Czechia,,,,,,,,,,,,,,,,,,,,,,0,0.0,FALSE,FALSE,FALSE,FALSE,FALSE,FALSE,0
CZ014,Jihlava,CZ,Czechia,,,,,,,,,,,,,,,,,,,,,,0,0.0,FALSE,FALSE,FALSE,FALSE,FALSE,FALSE,0
CZ016,Most,CZ,Czechia,,32.64,2025,,,,,,,,,,,,,,,,,,,0,0.0,FALSE,FALSE,FALSE,FALSE,FALSE,FALSE,0
CZ018,Chomutov-Jirkov,CZ,Czechia,,35.45,2025,,,,,,,,,,,,,,,,,,,0,0.0,FALSE,FALSE,FALSE,FALSE,FALSE,FALSE,0
DE001,Berlin,DE,Germany,38.72,39.88,2025,37.56,2021,81.7,81.7,2023,44.65,72.88,2021,16.42,2021,22.5,2023,41.25,2023,85.62,2023,22.5,2023,7,100.0,TRUE,TRUE,TRUE,TRUE,TRUE,TRUE,4
DE002,Hamburg,DE,Germany,70.19,59.23,2025,81.14,2021,75.73,75.73,2023,62.2,81.0,2021,43.4,2021,62.5,2023,81.25,2023,61.25,2023,5.0,2023,7,100.0,TRUE,TRUE,TRUE,TRUE,TRUE,TRUE,4
DE003,München,DE,Germany,31.91,37.81,2025,26.0,2021,64.46,64.46,2023,79.98,85.06,2021,74.91,2021,67.5,2023,83.75,2023,88.12,2023,2.5,2023,7,100.0,TRUE,TRUE,TRUE,TRUE,TRUE,TRUE,4
DE004,Köln,DE,Germany,60.46,46.68,2025,74.24,2021,75.73,75.73,2023,35.73,52.58,2021,18.87,2021,,,,,,,,,3,42.9,TRUE,TRUE,TRUE,TRUE,FALSE,TRUE,0
DE005,Frankfurt am Main,DE,Germany,48.45,43.13,2025,53.77,2021,90.58,90.58,2023,59.0,63.1,2021,54.91,2021,,,,,,,,,3,42.9,TRUE,TRUE,TRUE,TRUE,FALSE,TRUE,0
DE006,Ruhrgebiet,DE,Germany,64.58,40.32,2025,88.84,2021,83.29,83.29,2023,24.18,38.93,2021,9.43,2021,36.88,2023,60.0,2023,82.5,2023,48.75,2023,7,100.0,TRUE,TRUE,TRUE,TRUE,TRUE,TRUE,4
DE007,Stuttgart,DE,Germany,41.59,17.13,2025,66.05,2021,87.0,87.0,2023,79.01,87.08,2021,70.94,2021,30.0,2023,65.0,2023,47.5,2023,21.25,2023,7,100.0,TRUE,TRUE,TRUE,TRUE,TRUE,TRUE,4
DE008,Leipzig,DE,Germany,60.27,44.31,2025,76.24,2021,77.06,77.06,2023,54.17,72.88,2021,35.47,2021,36.88,2023,80.0,2023,90.0,2023,66.25,2023,7,100.0,TRUE,TRUE,TRUE,TRUE,TRUE,TRUE,4
DE009,Dresden,DE,Germany,60.47,42.84,2025,78.09,2021,88.99,88.99,2023,68.02,83.39,2021,52.64,2021,,,,,,,,,3,42.9,TRUE,TRUE,TRUE,TRUE,FALSE,TRUE,0
DE011,Düsseldorf,DE,Germany,52.56,44.61,2025,60.51,2021,88.99,88.99,2023,47.01,64.39,2021,29.62,2021,,,,,,,,,3,42.9,TRUE,TRUE,TRUE,TRUE,FALSE,TRUE,0
DE012,Bremen,DE,Germany,68.37,54.8,2025,81.94,2021,47.08,47.08,2023,42.14,60.33,2021,23.96,2021,,,,,,,,,3,42.9,TRUE,TRUE,TRUE,TRUE,FALSE,TRUE,0
DE013,Hannover,DE,Germany,58.56,41.36,2025,75.76,2021,78.78,78.78,2023,45.48,65.31,2021,25.66,2021,,,,,,,,,3,42.9,TRUE,TRUE,TRUE,TRUE,FALSE,TRUE,0
DE014,Nürnberg,DE,Germany,42.91,39.44,2025,46.39,2021,78.78,78.78,2023,77.47,90.04,2021,64.91,2021,,,,,,,,,3,42.9,TRUE,TRUE,TRUE,TRUE,FALSE,TRUE,0
DE016,Bielefeld,DE,Germany,78.65,61.15,2025,96.15,2021,93.5,93.5,2023,49.0,71.22,2021,26.79,2021,,,,,,,,,3,42.9,TRUE,TRUE,TRUE,TRUE,FALSE,TRUE,0
DE017,Halle an der Saale,DE,Germany,60.53,50.52,2025,70.55,2021,65.52,65.52,2023,40.98,63.1,2021,18.87,2021,,,,,,,,,3,42.9,TRUE,TRUE,TRUE,TRUE,FALSE,TRUE,0
DE018,Magdeburg,DE,Germany,69.44,62.63,2025,76.24,2021,50.66,50.66,2023,50.39,73.99,2021,26.79,2021,,,,,,,,,3,42.9,TRUE,TRUE,TRUE,TRUE,FALSE,TRUE,0
DE019,Wiesbaden,DE,Germany,55.64,59.68,2025,51.61,2021,84.48,84.48,2023,51.53,64.39,2021,38.68,2021,,,,,,,,,3,42.9,TRUE,TRUE,TRUE,TRUE,FALSE,TRUE,0
DE020,Göttingen,DE,Germany,51.2,46.23,2025,56.18,2021,44.3,44.3,2023,61.5,66.97,2021,56.04,2021,,,,,,,,,3,42.9,TRUE,TRUE,TRUE,TRUE,FALSE,TRUE,0
DE023,Darmstadt,DE,Germany,49.07,45.49,2025,52.65,2021,70.82,70.82,2023,62.83,66.05,2021,59.62,2021,,,,,,,,,3,42.9,TRUE,TRUE,TRUE,TRUE,FALSE,TRUE,0
DE024,Trier,DE,Germany,70.42,65.88,2025,74.96,2021,60.48,60.48,2023,41.26,13.65,2021,68.87,2021,,,,,,,,,3,42.9,TRUE,TRUE,TRUE,TRUE,FALSE,TRUE,0
DE025,Freiburg im Breisgau,DE,Germany,43.25,42.69,2025,43.82,2021,63.0,63.0,2023,74.23,76.2,2021,72.26,2021,,,,,,,,,3,42.9,TRUE,TRUE,TRUE,TRUE,FALSE,TRUE,0
DE026,Regensburg,DE,Germany,45.72,40.47,2025,50.96,2021,58.89,58.89,2023,84.75,89.11,2021,80.38,2021,,,,,,,,,3,42.9,TRUE,TRUE,TRUE,TRUE,FALSE,TRUE,0
DE027,Frankfurt (Oder),DE,Germany,,51.7,2025,,,37.8,37.8,2023,,,,,,,,,,,,,,1,14.3,FALSE,FALSE,TRUE,FALSE,FALSE,FALSE,0
DE028,Weimar,DE,Germany,,,,,,90.58,90.58,2023,,,,,,,,,,,,,,1,14.3,FALSE,FALSE,TRUE,FALSE,FALSE,FALSE,0
DE029,Schwerin,DE,Germany,,92.17,2025,,,58.89,58.89,2023,,,,,,,,,,,,,,1,14.3,FALSE,FALSE,TRUE,FALSE,FALSE,FALSE,0
DE030,Erfurt,DE,Germany,65.75,63.37,2025,68.14,2021,74.27,74.27,2023,64.09,81.0,2021,47.17,2021,,,,,,,,,3,42.9,TRUE,TRUE,TRUE,TRUE,FALSE,TRUE,0
DE031,Augsburg,DE,Germany,37.03,41.8,2025,32.26,2021,74.27,74.27,2023,75.19,83.03,2021,67.36,2021,,,,,,,,,3,42.9,TRUE,TRUE,TRUE,TRUE,FALSE,TRUE,0
DE032,Bonn,DE,Germany,73.34,68.98,2025,77.69,2021,94.56,94.56,2023,42.04,44.65,2021,39.43,2021,,,,,,,,,3,42.9,TRUE,TRUE,TRUE,TRUE,FALSE,TRUE,0
DE033,Karlsruhe,DE,Germany,54.85,19.65,2025,90.05,2021,51.33,51.33,2023,74.86,78.78,2021,70.94,2021,,,,,,,,,3,42.9,TRUE,TRUE,TRUE,TRUE,FALSE,TRUE,0
DE034,Mönchengladbach,DE,Germany,65.48,57.61,2025,73.35,2021,87.0,87.0,2023,32.62,51.66,2021,13.58,2021,,,,,,,,,3,42.9,TRUE,TRUE,TRUE,TRUE,FALSE,TRUE,0
DE035,Mainz,DE,Germany,46.5,45.64,2025,47.35,2021,90.58,90.58,2023,69.14,76.2,2021,62.08,2021,,,,,,,,,3,42.9,TRUE,TRUE,TRUE,TRUE,FALSE,TRUE,0
DE036,Kiel,DE,Germany,88.5,89.51,2025,87.48,2021,58.89,58.89,2023,56.86,68.63,2021,45.09,2021,,,,,,,,,3,42.9,TRUE,TRUE,TRUE,TRUE,FALSE,TRUE,0
DE037,Saarbrücken,DE,Germany,72.06,48.3,2025,95.83,2021,93.5,93.5,2023,45.2,73.99,2021,16.42,2021,,,,,,,,,3,42.9,TRUE,TRUE,TRUE,TRUE,FALSE,TRUE,0
DE039,Koblenz,DE,Germany,74.02,57.02,2025,91.01,2021,70.82,70.82,2023,70.83,76.75,2021,64.91,2021,,,,,,,,,3,42.9,TRUE,TRUE,TRUE,TRUE,FALSE,TRUE,0
DE040,Rostock,DE,Germany,82.2,72.67,2025,91.73,2021,55.17,55.17,2023,57.71,77.68,2021,37.74,2021,68.75,2023,87.5,2023,92.5,2023,17.5,2023,7,100.0,TRUE,TRUE,TRUE,TRUE,TRUE,TRUE,4
DE041,Kaiserslautern,DE,Germany,65.73,48.15,2025,83.31,2021,61.8,61.8,2023,53.56,69.37,2021,37.74,2021,,,,,,,,,3,42.9,TRUE,TRUE,TRUE,TRUE,FALSE,TRUE,0
DE042,Iserlohn,DE,Germany,73.41,48.74,2025,98.07,2021,87.0,87.0,2023,,,,,,,,,,,,,,2,28.6,TRUE,TRUE,TRUE,FALSE,FALSE,FALSE,0
DE045,Wilhelmshaven,DE,Germany,,,,,,40.05,40.05,2023,,,,,,,,,,,,,,1,14.3,FALSE,FALSE,TRUE,FALSE,FALSE,FALSE,0
DE047,Tübingen,DE,Germany,52.77,26.0,2025,79.53,2021,88.99,88.99,2023,,,,,,,,,,,,,,2,28.6,TRUE,TRUE,TRUE,FALSE,FALSE,FALSE,0
DE048,Villingen-Schwenningen,DE,Germany,,,,,,3.45,3.45,2023,,,,,,,,,,,,,,1,14.3,FALSE,FALSE,TRUE,FALSE,FALSE,FALSE,0
DE049,Flensburg,DE,Germany,95.66,94.53,2025,96.79,2021,60.48,60.48,2023,,,,,,,,,,,,,,2,28.6,TRUE,TRUE,TRUE,FALSE,FALSE,FALSE,0
DE050,Marburg,DE,Germany,,,,,,92.04,92.04,2023,,,,,,,,,,,,,,1,14.3,FALSE,FALSE,TRUE,FALSE,FALSE,FALSE,0
DE051,Konstanz,DE,Germany,36.15,17.73,2025,54.57,2021,92.04,92.04,2023,,,,,,,,,,,,,,2,28.6,TRUE,TRUE,TRUE,FALSE,FALSE,FALSE,0
DE052,Neumünster,DE,Germany,,83.16,2025,,,55.17,55.17,2023,,,,,,,,,,,,,,1,14.3,FALSE,FALSE,TRUE,FALSE,FALSE,FALSE,0
DE053,Brandenburg an der Havel,DE,Germany,,,,,,44.3,44.3,2023,,,,,,,,,,,,,,1,14.3,FALSE,FALSE,TRUE,FALSE,FALSE,FALSE,0
DE054,Gießen,DE,Germany,70.46,49.19,2025,91.73,2021,92.04,92.04,2023,,,,,,,,,,,,,,2,28.6,TRUE,TRUE,TRUE,FALSE,FALSE,FALSE,0
DE056,Bayreuth,DE,Germany,66.52,62.48,2025,70.55,2021,31.43,31.43,2023,,,,,,,,,,,,,,2,28.6,TRUE,TRUE,TRUE,FALSE,FALSE,FALSE,0
DE057,Celle,DE,Germany,,,,,,57.43,57.43,2023,,,,,,,,,,,,,,1,14.3,FALSE,FALSE,TRUE,FALSE,FALSE,FALSE,0
DE058,Aschaffenburg,DE,Germany,66.06,39.59,2025,92.54,2021,81.7,81.7,2023,,,,,,,,,,,,,,2,28.6,TRUE,TRUE,TRUE,FALSE,FALSE,FALSE,0
DE059,Bamberg,DE,Germany,64.36,76.07,2025,52.65,2021,57.43,57.43,2023,,,,,,,,,,,,,,2,28.6,TRUE,TRUE,TRUE,FALSE,FALSE,FALSE,0
DE060,Plauen,DE,Germany,,65.29,2025,,,65.52,65.52,2023,,,,,,,,,,,,,,1,14.3,FALSE,FALSE,TRUE,FALSE,FALSE,FALSE,0
DE061,Neubrandenburg,DE,Germany,,,,,,54.11,54.11,2023,,,,,,,,,,,,,,1,14.3,FALSE,FALSE,TRUE,FALSE,FALSE,FALSE,0
DE062,Fulda,DE,Germany,,,,94.86,2021,57.43,57.43,2023,,,,,,,,,,,,,,1,14.3,FALSE,FALSE,TRUE,FALSE,FALSE,FALSE,0
DE063,Kempten (Allgäu),DE,Germany,66.59,44.9,2025,88.28,2021,25.33,25.33,2023,,,,,,,,,,,,,,2,28.6,TRUE,TRUE,TRUE,FALSE,FALSE,FALSE,0
DE064,Landshut,DE,Germany,59.22,53.03,2025,65.41,2021,48.28,48.28,2023,,,,,,,,,,,,,,2,28.6,TRUE,TRUE,TRUE,FALSE,FALSE,FALSE,0
DE066,Rosenheim,DE,Germany,65.27,52.44,2025,78.09,2021,27.45,27.45,2023,,,,,,,,,,,,,,2,28.6,TRUE,TRUE,TRUE,FALSE,FALSE,FALSE,0
DE068,Stralsund,DE,Germany,,,,,,31.43,31.43,2023,,,,,,,,,,,,,,1,14.3,FALSE,FALSE,TRUE,FALSE,FALSE,FALSE,0
DE069,Friedrichshafen,DE,Germany,,,,,,87.0,87.0,2023,,,,,,,,,,,,,,1,14.3,FALSE,FALSE,TRUE,FALSE,FALSE,FALSE,0
DE070,Offenburg,DE,Germany,,,,,,49.34,49.34,2023,,,,,,,,,,,,,,1,14.3,FALSE,FALSE,TRUE,FALSE,FALSE,FALSE,0
DE071,Görlitz,DE,Germany,70.31,59.08,2025,81.54,2021,61.8,61.8,2023,,,,,,,,,,,,,,2,28.6,TRUE,TRUE,TRUE,FALSE,FALSE,FALSE,0
DE074,Schweinfurt,DE,Germany,,37.22,2025,,,40.98,40.98,2023,,,,,,,,,,,,,,1,14.3,FALSE,FALSE,TRUE,FALSE,FALSE,FALSE,0
DE075,Greifswald,DE,Germany,,,,,,48.67,48.67,2023,,,,,,,,,,,,,,1,14.3,FALSE,FALSE,TRUE,FALSE,FALSE,FALSE,0
DE076,Wetzlar,DE,Germany,,,,,,78.78,78.78,2023,,,,,,,,,,,,,,1,14.3,FALSE,FALSE,TRUE,FALSE,FALSE,FALSE,0
DE077,Speyer,DE,Germany,,,,,,41.91,41.91,2023,,,,,,,,,,,,,,1,14.3,FALSE,FALSE,TRUE,FALSE,FALSE,FALSE,0
DE078,Passau,DE,Germany,,,,,,40.98,40.98,2023,,,,,,,,,,,,,,1,14.3,FALSE,FALSE,TRUE,FALSE,FALSE,FALSE,0
DE079,Dessau-Roßlau,DE,Germany,,,,,,65.52,65.52,2023,,,,,,,,,,,,,,1,14.3,FALSE,FALSE,TRUE,FALSE,FALSE,FALSE,0
DE081,Mannheim-Ludwigshafen,DE,Germany,40.0,36.19,2025,43.82,2021,75.73,75.73,2023,62.05,77.68,2021,46.42,2021,,,,,,,,,3,42.9,TRUE,TRUE,TRUE,TRUE,FALSE,TRUE,0
DE083,Münster,DE,Germany,69.86,55.69,2025,84.03,2021,63.0,63.0,2023,67.98,69.37,2021,66.6,2021,,,,,,,,,3,42.9,TRUE,TRUE,TRUE,TRUE,FALSE,TRUE,0
DE084,Chemnitz,DE,Germany,72.97,54.21,2025,91.73,2021,81.7,81.7,2023,65.74,85.06,2021,46.42,2021,,,,,,,,,3,42.9,TRUE,TRUE,TRUE,TRUE,FALSE,TRUE,0
DE085,Braunschweig-Salzgitter,DE,Germany,59.6,32.05,2025,87.16,2021,81.7,81.7,2023,60.7,72.14,2021,49.25,2021,,,,,,,,,3,42.9,TRUE,TRUE,TRUE,TRUE,FALSE,TRUE,0
DE086,Aachen,DE,Germany,75.25,66.47,2025,84.03,2021,96.95,96.95,2023,33.02,42.07,2021,23.96,2021,,,,,,,,,3,42.9,TRUE,TRUE,TRUE,TRUE,FALSE,TRUE,0
DE087,Krefeld,DE,Germany,60.53,44.17,2025,76.89,2021,65.52,65.52,2023,30.18,50.92,2021,9.43,2021,,,,,,,,,3,42.9,TRUE,TRUE,TRUE,TRUE,FALSE,TRUE,0
DE089,Lübeck,DE,Germany,83.48,84.05,2025,82.91,2021,83.29,83.29,2023,56.58,77.68,2021,35.47,2021,,,,,,,,,3,42.9,TRUE,TRUE,TRUE,TRUE,FALSE,TRUE,0
DE091,Kassel,DE,Germany,71.09,58.64,2025,83.55,2021,85.68,85.68,2023,57.87,63.1,2021,52.64,2021,,,,,,,,,3,42.9,TRUE,TRUE,TRUE,TRUE,FALSE,TRUE,0
DE094,Solingen,DE,Germany,,,,98.23,2021,98.81,98.81,2023,,,,,,,,,,,,,,1,14.3,FALSE,FALSE,TRUE,FALSE,FALSE,FALSE,0
DE095,Osnabrück,DE,Germany,65.44,39.14,2025,91.73,2021,75.73,75.73,2023,74.95,87.82,2021,62.08,2021,,,,,,,,,3,42.9,TRUE,TRUE,TRUE,TRUE,FALSE,TRUE,0
DE098,Oldenburg (Oldenburg),DE,Germany,79.75,65.44,2025,94.06,2021,61.8,61.8,2023,64.48,71.22,2021,57.74,2021,,,,,,,,,3,42.9,TRUE,TRUE,TRUE,TRUE,FALSE,TRUE,0
DE100,Heidelberg,DE,Germany,37.32,29.54,2025,45.1,2021,85.68,85.68,2023,58.74,52.58,2021,64.91,2021,,,,,,,,,3,42.9,TRUE,TRUE,TRUE,TRUE,FALSE,TRUE,0
DE101,Paderborn,DE,Germany,74.16,62.19,2025,86.12,2021,60.48,60.48,2023,66.33,74.91,2021,57.74,2021,,,,,,,,,3,42.9,TRUE,TRUE,TRUE,TRUE,FALSE,TRUE,0
DE102,Würzburg,DE,Germany,65.76,51.99,2025,79.53,2021,70.82,70.82,2023,90.28,92.25,2021,88.3,2021,,,,,,,,,3,42.9,TRUE,TRUE,TRUE,TRUE,FALSE,TRUE,0
DE104,Wolfsburg,DE,Germany,70.32,45.94,2025,94.7,2021,66.84,66.84,2023,71.43,81.73,2021,61.13,2021,,,,,,,,,3,42.9,TRUE,TRUE,TRUE,TRUE,FALSE,TRUE,0
DE105,Bremerhaven,DE,Germany,63.26,47.71,2025,78.81,2021,57.43,57.43,2023,,,,,,,,,,,,,,2,28.6,TRUE,TRUE,TRUE,FALSE,FALSE,FALSE,0
DE107,Heilbronn,DE,Germany,43.26,23.19,2025,63.32,2021,72.68,72.68,2023,82.69,95.2,2021,70.19,2021,,,,,,,,,3,42.9,TRUE,TRUE,TRUE,TRUE,FALSE,TRUE,0
DE108,Remscheid,DE,Germany,66.49,46.38,2025,86.6,2021,78.78,78.78,2023,,,,,,,,,,,,,,2,28.6,TRUE,TRUE,TRUE,FALSE,FALSE,FALSE,0
DE110,Ulm,DE,Germany,55.05,33.53,2025,76.57,2021,77.06,77.06,2023,89.78,94.65,2021,84.91,2021,,,,,,,,,3,42.9,TRUE,TRUE,TRUE,TRUE,FALSE,TRUE,0
DE111,Pforzheim,DE,Germany,56.45,25.41,2025,87.48,2021,92.04,92.04,2023,77.08,91.14,2021,63.02,2021,,,,,,,,,3,42.9,TRUE,TRUE,TRUE,TRUE,FALSE,TRUE,0
DE112,Ingolstadt,DE,Germany,52.58,46.97,2025,58.19,2021,37.14,37.14,2023,92.14,94.1,2021,90.19,2021,,,,,,,,,3,42.9,TRUE,TRUE,TRUE,TRUE,FALSE,TRUE,0
DE113,Gera,DE,Germany,71.61,49.63,2025,93.58,2021,72.68,72.68,2023,,,,,,,,,,,,,,2,28.6,TRUE,TRUE,TRUE,FALSE,FALSE,FALSE,0
DE115,Reutlingen,DE,Germany,57.09,24.52,2025,89.65,2021,81.7,81.7,2023,,,,,,,,,,,,,,2,28.6,TRUE,TRUE,TRUE,FALSE,FALSE,FALSE,0
DE117,Cottbus,DE,Germany,78.94,59.97,2025,97.91,2021,47.08,47.08,2023,,,,,,,,,,,,,,2,28.6,TRUE,TRUE,TRUE,FALSE,FALSE,FALSE,0
DE118,Siegen,DE,Germany,78.43,60.71,2025,96.15,2021,83.29,83.29,2023,71.75,86.72,2021,56.79,2021,,,,,,,,,3,42.9,TRUE,TRUE,TRUE,TRUE,FALSE,TRUE,0
DE120,Hildesheim,DE,Germany,79.44,86.26,2025,72.63,2021,68.17,68.17,2023,,,,,,,,,,,,,,2,28.6,TRUE,TRUE,TRUE,FALSE,FALSE,FALSE,0
DE122,Zwickau,DE,Germany,,,,97.67,2021,70.82,70.82,2023,,,,,,,,,,,,,,1,14.3,FALSE,FALSE,TRUE,FALSE,FALSE,FALSE,0
DE123,Erlangen,DE,Germany,,,,86.92,2021,87.0,87.0,2023,86.7,91.14,2021,82.26,2021,,,,,,,,,2,28.6,FALSE,FALSE,TRUE,TRUE,FALSE,FALSE,0
DE124,Wuppertal,DE,Germany,69.37,43.72,2025,95.02,2021,97.75,97.75,2023,24.01,37.45,2021,10.57,2021,,,,,,,,,3,42.9,TRUE,TRUE,TRUE,TRUE,FALSE,TRUE,0
DE125,Jena,DE,Germany,66.58,52.73,2025,80.42,2021,75.73,75.73,2023,,,,,,,,,,,,,,2,28.6,TRUE,TRUE,TRUE,FALSE,FALSE,FALSE,0
DE126,"Düren, Stadt",DE,Germany,75.44,65.58,2025,85.31,2021,78.78,78.78,2023,,,,,,,,,,,,,,2,28.6,TRUE,TRUE,TRUE,FALSE,FALSE,FALSE,0
DE127,"Bocholt, Stadt",DE,Germany,,44.02,2025,,,40.98,40.98,2023,,,,,,,,,,,,,,1,14.3,FALSE,FALSE,TRUE,FALSE,FALSE,FALSE,0
DK001,København,DK,Denmark,52.36,64.11,2025,40.61,2021,77.06,77.06,2023,,,,,,100.0,2023,99.38,2023,75.62,2023,10.0,2023,6,85.7,TRUE,TRUE,TRUE,FALSE,FALSE,FALSE,4
DK002,Århus,DK,Denmark,75.11,80.95,2025,69.26,2021,36.47,36.47,2023,,,,,,,,,,,,,,2,28.6,TRUE,TRUE,TRUE,FALSE,FALSE,FALSE,0
DK003,Odense,DK,Denmark,85.63,74.15,2025,97.11,2021,42.84,42.84,2023,,,,,,,,,,,,,,2,28.6,TRUE,TRUE,TRUE,FALSE,FALSE,FALSE,0
DK004,Aalborg,DK,Denmark,80.75,75.78,2025,85.71,2021,24.93,24.93,2023,,,,,,92.5,2023,99.38,2023,77.5,2023,98.75,2023,6,85.7,TRUE,TRUE,TRUE,FALSE,FALSE,FALSE,4
EE001,Tallinn,EE,Estonia,63.2,92.61,2025,33.79,2021,56.1,56.1,2023,58.39,83.76,2024,33.02,2024,76.25,2023,31.25,2023,48.75,2023,43.75,2023,7,100.0,TRUE,TRUE,TRUE,TRUE,TRUE,TRUE,4
EE002,Tartu,EE,Estonia,81.58,93.35,2025,69.82,2021,42.18,42.18,2023,,,,,,,,,,,,,,2,28.6,TRUE,TRUE,TRUE,FALSE,FALSE,FALSE,0
EE003,Narva,EE,Estonia,,94.83,2025,,,34.48,34.48,2023,,,,,,,,,,,,,,1,14.3,FALSE,FALSE,TRUE,FALSE,FALSE,FALSE,0
EL001,Athina,EL,Greece,15.61,28.8,2025,2.41,2021,,,,16.33,16.24,2024,16.42,2024,,,,,,,,,2,28.6,FALSE,TRUE,FALSE,TRUE,FALSE,FALSE,0
EL002,Thessaloniki,EL,Greece,12.94,23.78,2025,2.09,2021,,,,11.59,17.34,2024,5.85,2024,,,,,,,,,2,28.6,FALSE,TRUE,FALSE,TRUE,FALSE,FALSE,0
EL003,Pátra,EL,Greece,67.88,91.14,2025,44.62,2021,,,,,,,,,,,,,,,,,1,14.3,FALSE,TRUE,FALSE,FALSE,FALSE,FALSE,0
EL004,Irakleio,EL,Greece,30.66,34.12,2025,27.21,2021,,,,,,,,,,,,,,,,,1,14.3,FALSE,TRUE,FALSE,FALSE,FALSE,FALSE,0
EL005,Larisa,EL,Greece,22.91,38.11,2025,7.7,2021,,,,,,,,,,,,,,,,,1,14.3,FALSE,TRUE,FALSE,FALSE,FALSE,FALSE,0
EL006,Volos,EL,Greece,31.18,50.07,2025,12.28,2021,,,,,,,,,,,,,,,,,1,14.3,FALSE,TRUE,FALSE,FALSE,FALSE,FALSE,0
EL007,Ioannina,EL,Greece,37.0,57.46,2025,16.53,2021,,,,,,,,,,,,,,,,,1,14.3,FALSE,TRUE,FALSE,FALSE,FALSE,FALSE,0
EL008,Kavala,EL,Greece,,47.27,2025,,,,,,,,,,,,,,,,,,,0,0.0,FALSE,FALSE,FALSE,FALSE,FALSE,FALSE,0
EL009,Kalamata,EL,Greece,,88.77,2025,,,,,,,,,,,,,,,,,,,0,0.0,FALSE,FALSE,FALSE,FALSE,FALSE,FALSE,0
EL010,Trikala,EL,Greece,,47.12,2025,,,,,,,,,,,,,,,,,,,0,0.0,FALSE,FALSE,FALSE,FALSE,FALSE,FALSE,0
EL011,Serres,EL,Greece,,40.03,2025,,,,,,,,,,,,,,,,,,,0,0.0,FALSE,FALSE,FALSE,FALSE,FALSE,FALSE,0
EL012,Katerini,EL,Greece,,52.14,2025,,,,,,,,,,,,,,,,,,,0,0.0,FALSE,FALSE,FALSE,FALSE,FALSE,FALSE,0
EL013,Xanthi,EL,Greece,45.98,62.92,2025,29.05,2021,,,,,,,,,,,,,,,,,1,14.3,FALSE,TRUE,FALSE,FALSE,FALSE,FALSE,0
EL014,Chania,EL,Greece,40.62,38.55,2025,42.7,2021,,,,,,,,,,,,,,,,,1,14.3,FALSE,TRUE,FALSE,FALSE,FALSE,FALSE,0
ES001,Madrid,ES,Spain,44.53,82.87,2025,6.18,2021,44.3,44.3,2023,35.71,53.69,2024,17.74,2024,48.12,2023,48.75,2023,33.75,2023,55.0,2023,7,100.0,TRUE,TRUE,TRUE,TRUE,TRUE,TRUE,4
ES002,Barcelona,ES,Spain,30.27,54.36,2025,6.18,2021,7.16,7.16,2023,39.28,54.61,2024,23.96,2024,40.0,2023,61.25,2023,21.25,2023,40.0,2023,7,100.0,TRUE,TRUE,TRUE,TRUE,TRUE,TRUE,4
ES003,Valencia,ES,Spain,48.3,80.8,2025,15.81,2021,29.84,29.84,2023,17.34,26.75,2024,7.92,2024,,,,,,,,,3,42.9,TRUE,TRUE,TRUE,TRUE,FALSE,TRUE,0
ES004,Sevilla,ES,Spain,39.01,67.5,2025,10.51,2021,,,,8.71,14.39,2024,3.02,2024,,,,,,,,,2,28.6,TRUE,TRUE,FALSE,TRUE,FALSE,FALSE,0
ES005,Zaragoza,ES,Spain,52.49,89.66,2025,15.33,2021,,,,33.32,39.85,2024,26.79,2024,,,,,,,,,2,28.6,TRUE,TRUE,FALSE,TRUE,FALSE,FALSE,0
ES006,Málaga,ES,Spain,43.02,59.38,2025,26.65,2021,7.96,7.96,2023,9.26,14.94,2024,3.58,2024,83.12,2023,73.75,2023,50.0,2023,90.0,2023,7,100.0,TRUE,TRUE,TRUE,TRUE,TRUE,TRUE,4
ES007,Murcia,ES,Spain,70.61,55.1,2025,86.12,2021,,,,11.59,17.34,2024,5.85,2024,,,,,,,,,2,28.6,TRUE,TRUE,FALSE,TRUE,FALSE,FALSE,0
ES008,Las Palmas,ES,Spain,17.41,5.76,2025,29.05,2021,,,,,,,,,,,,,,,,,1,14.3,FALSE,TRUE,FALSE,FALSE,FALSE,FALSE,0
ES009,Valladolid,ES,Spain,53.42,95.13,2025,11.72,2021,,,,29.2,46.31,2024,12.08,2024,,,,,,,,,2,28.6,TRUE,TRUE,FALSE,TRUE,FALSE,FALSE,0
ES010,Palma de Mallorca,ES,Spain,48.24,78.58,2025,17.9,2021,,,,,,,,,,,,,,,,,1,14.3,FALSE,TRUE,FALSE,FALSE,FALSE,FALSE,0
ES011,Santiago de Compostela,ES,Spain,,91.43,2025,,,,,,,,,,,,,,,,,,,0,0.0,FALSE,FALSE,FALSE,FALSE,FALSE,FALSE,0
ES012,Vitoria/Gasteiz,ES,Spain,51.54,96.01,2025,7.06,2021,22.94,22.94,2023,27.09,31.73,2024,22.45,2024,,,,,,,,,3,42.9,TRUE,TRUE,TRUE,TRUE,FALSE,TRUE,0
ES013,Oviedo,ES,Spain,55.66,87.15,2025,24.16,2021,,,,17.19,23.25,2024,11.13,2024,98.75,2023,91.25,2023,38.12,2023,94.38,2023,6,85.7,TRUE,TRUE,FALSE,TRUE,FALSE,FALSE,4
ES014,Pamplona/Iruña,ES,Spain,42.34,79.47,2025,5.22,2021,24.14,24.14,2023,35.2,40.22,2024,30.19,2024,,,,,,,,,3,42.9,TRUE,TRUE,TRUE,TRUE,FALSE,TRUE,0
ES015,Santander,ES,Spain,50.12,52.88,2025,47.35,2021,,,,30.95,33.21,2024,28.68,2024,,,,,,,,,2,28.6,TRUE,TRUE,FALSE,TRUE,FALSE,FALSE,0
ES016,Toledo,ES,Spain,,78.73,2025,,,,,,,,,,,,,,,,,,,0,0.0,FALSE,FALSE,FALSE,FALSE,FALSE,FALSE,0
ES017,Badajoz,ES,Spain,67.98,87.74,2025,48.23,2021,,,,,,,,,,,,,,,,,1,14.3,FALSE,TRUE,FALSE,FALSE,FALSE,FALSE,0
ES018,Logroño,ES,Spain,45.97,77.99,2025,13.96,2021,,,,,,,,,,,,,,,,,1,14.3,FALSE,TRUE,FALSE,FALSE,FALSE,FALSE,0
ES019,Bilbao,ES,Spain,57.87,93.5,2025,22.23,2021,35.68,35.68,2023,32.02,46.31,2024,17.74,2024,,,,,,,,,3,42.9,TRUE,TRUE,TRUE,TRUE,FALSE,TRUE,0
ES020,Córdoba,ES,Spain,44.72,70.9,2025,18.54,2021,,,,7.21,12.92,2024,1.51,2024,,,,,,,,,2,28.6,TRUE,TRUE,FALSE,TRUE,FALSE,FALSE,0
ES021,Alicante/Alacant,ES,Spain,55.84,57.9,2025,53.77,2021,18.7,18.7,2023,10.38,16.24,2024,4.53,2024,,,,,,,,,3,42.9,TRUE,TRUE,TRUE,TRUE,FALSE,TRUE,0
ES022,Vigo,ES,Spain,64.71,70.75,2025,58.67,2021,,,,16.33,24.35,2024,8.3,2024,,,,,,,,,2,28.6,TRUE,TRUE,FALSE,TRUE,FALSE,FALSE,0
ES023,Gijón,ES,Spain,,,,41.49,2021,,,,17.19,23.25,2024,11.13,2024,,,,,,,,,1,14.3,FALSE,FALSE,FALSE,TRUE,FALSE,FALSE,0
ES024,Santa Cruz de Tenerife,ES,Spain,9.66,9.6,2025,9.71,2021,,,,,,,,,,,,,,,,,1,14.3,FALSE,TRUE,FALSE,FALSE,FALSE,FALSE,0
ES025,A Coruña,ES,Spain,55.58,90.69,2025,20.47,2021,,,,26.77,26.75,2024,26.79,2024,,,,,,,,,2,28.6,TRUE,TRUE,FALSE,TRUE,FALSE,FALSE,0
ES026,Reus,ES,Spain,,,,31.86,2021,,,,,,,,,,,,,,,,,0,0.0,FALSE,FALSE,FALSE,FALSE,FALSE,FALSE,0
ES028,Lugo,ES,Spain,,90.25,2025,,,,,,,,,,,,,,,,,,,0,0.0,FALSE,FALSE,FALSE,FALSE,FALSE,FALSE,0
ES030,Girona,ES,Spain,53.08,84.49,2025,21.67,2021,,,,,,,,,,,,,,,,,1,14.3,FALSE,TRUE,FALSE,FALSE,FALSE,FALSE,0
ES031,Cáceres,ES,Spain,91.62,94.39,2025,88.84,2021,,,,,,,,,,,,,,,,,1,14.3,FALSE,TRUE,FALSE,FALSE,FALSE,FALSE,0
ES032,Torrevieja,ES,Spain,42.26,45.35,2025,39.17,2021,,,,,,,,,,,,,,,,,1,14.3,FALSE,TRUE,FALSE,FALSE,FALSE,FALSE,0
ES033,"Puerto de Santa María, El",ES,Spain,71.23,54.51,2025,87.96,2021,,,,,,,,,,,,,,,,,1,14.3,FALSE,TRUE,FALSE,FALSE,FALSE,FALSE,0
ES034,Avilés,ES,Spain,,,,70.55,2021,,,,,,,,,,,,,,,,,0,0.0,FALSE,FALSE,FALSE,FALSE,FALSE,FALSE,0
ES035,Talavera de la Reina,ES,Spain,78.11,86.41,2025,69.82,2021,,,,,,,,,,,,,,,,,1,14.3,FALSE,TRUE,FALSE,FALSE,FALSE,FALSE,0
ES036,Palencia,ES,Spain,51.99,92.91,2025,11.08,2021,,,,,,,,,,,,,,,,,1,14.3,FALSE,TRUE,FALSE,FALSE,FALSE,FALSE,0
ES037,Ferrol,ES,Spain,89.61,87.0,2025,92.22,2021,,,,,,,,,,,,,,,,,1,14.3,FALSE,TRUE,FALSE,FALSE,FALSE,FALSE,0
ES038,Pontevedra,ES,Spain,,82.13,2025,,,,,,,,,,,,,,,,,,,0,0.0,FALSE,FALSE,FALSE,FALSE,FALSE,FALSE,0
ES039,Ceuta,ES,Spain,21.27,39.0,2025,3.53,2021,,,,,,,,,,,,,,,,,1,14.3,FALSE,TRUE,FALSE,FALSE,FALSE,FALSE,0
ES040,Gandia,ES,Spain,,,,69.82,2021,38.46,38.46,2023,,,,,,,,,,,,,,1,14.3,FALSE,FALSE,TRUE,FALSE,FALSE,FALSE,0
ES041,Guadalajara,ES,Spain,40.94,70.16,2025,11.72,2021,,,,,,,,,,,,,,,,,1,14.3,FALSE,TRUE,FALSE,FALSE,FALSE,FALSE,0
ES042,Manresa,ES,Spain,27.25,35.01,2025,19.5,2021,,,,,,,,,,,,,,,,,1,14.3,FALSE,TRUE,FALSE,FALSE,FALSE,FALSE,0
ES043,Ciudad Real,ES,Spain,52.45,77.7,2025,27.21,2021,,,,,,,,,,,,,,,,,1,14.3,FALSE,TRUE,FALSE,FALSE,FALSE,FALSE,0
ES044,Benidorm,ES,Spain,72.04,55.24,2025,88.84,2021,11.67,11.67,2023,,,,,,,,,,,,,,2,28.6,FALSE,TRUE,TRUE,FALSE,FALSE,FALSE,0
ES045,Melilla,ES,Spain,35.13,67.21,2025,3.05,2021,,,,,,,,,,,,,,,,,1,14.3,FALSE,TRUE,FALSE,FALSE,FALSE,FALSE,0
ES046,Ponferrada,ES,Spain,,78.43,2025,,,,,,,,,,,,,,,,,,,0,0.0,FALSE,FALSE,FALSE,FALSE,FALSE,FALSE,0
ES047,Zamora,ES,Spain,,85.67,2025,,,,,,,,,,,,,,,,,,,0,0.0,FALSE,FALSE,FALSE,FALSE,FALSE,FALSE,0
ES049,Sanlúcar de Barrameda,ES,Spain,,69.87,2025,,,,,,,,,,,,,,,,,,,0,0.0,FALSE,FALSE,FALSE,FALSE,FALSE,FALSE,0
ES051,La Línea de la Concepción,ES,Spain,51.9,94.09,2025,9.71,2021,,,,,,,,,,,,,,,,,1,14.3,FALSE,TRUE,FALSE,FALSE,FALSE,FALSE,0
ES053,Irun,ES,Spain,,,,38.2,2021,,,,,,,,,,,,,,,,,0,0.0,FALSE,FALSE,FALSE,FALSE,FALSE,FALSE,0
ES055,Arrecife,ES,Spain,4.26,4.43,2025,4.09,2021,,,,,,,,,,,,,,,,,1,14.3,FALSE,TRUE,FALSE,FALSE,FALSE,FALSE,0
ES056,Elda,ES,Spain,58.74,67.8,2025,49.68,2021,20.16,20.16,2023,,,,,,,,,,,,,,2,28.6,FALSE,TRUE,TRUE,FALSE,FALSE,FALSE,0
ES057,Santa Lucía de Tirajana,ES,Spain,,,,14.61,2021,,,,,,,,,,,,,,,,,0,0.0,FALSE,FALSE,FALSE,FALSE,FALSE,FALSE,0
ES059,Granada,ES,Spain,43.05,68.83,2025,17.26,2021,,,,3.69,7.38,2024,0.0,2024,,,,,,,,,2,28.6,TRUE,TRUE,FALSE,TRUE,FALSE,FALSE,0
ES060,Elche/Elx,ES,Spain,,,,76.89,2021,6.1,6.1,2023,10.38,16.24,2024,4.53,2024,,,,,,,,,2,28.6,FALSE,FALSE,TRUE,TRUE,FALSE,FALSE,0
ES061,Cartagena,ES,Spain,,,,57.38,2021,,,,11.59,17.34,2024,5.85,2024,,,,,,,,,1,14.3,FALSE,FALSE,FALSE,TRUE,FALSE,FALSE,0
ES062,Jerez de la Frontera,ES,Spain,38.1,58.94,2025,17.26,2021,,,,3.42,6.46,2024,0.38,2024,,,,,,,,,2,28.6,TRUE,TRUE,FALSE,TRUE,FALSE,FALSE,0
ES063,San Sebastián/Donostia,ES,Spain,61.66,88.48,2025,34.83,2021,9.28,9.28,2023,37.73,26.2,2024,49.25,2024,,,,,,,,,3,42.9,TRUE,TRUE,TRUE,TRUE,FALSE,TRUE,0
ES065,Almería,ES,Spain,51.55,58.49,2025,44.62,2021,,,,,,,,,,,,,,,,,1,14.3,FALSE,TRUE,FALSE,FALSE,FALSE,FALSE,0
ES066,Burgos,ES,Spain,52.98,93.21,2025,12.76,2021,,,,,,,,,,,,,,,,,1,14.3,FALSE,TRUE,FALSE,FALSE,FALSE,FALSE,0
ES067,Salamanca,ES,Spain,51.66,93.06,2025,10.27,2021,,,,,,,,,,,,,,,,,1,14.3,FALSE,TRUE,FALSE,FALSE,FALSE,FALSE,0
ES068,Albacete,ES,Spain,47.27,86.85,2025,7.7,2021,,,,,,,,,,,,,,,,,1,14.3,FALSE,TRUE,FALSE,FALSE,FALSE,FALSE,0
ES069,Castellón de la Plana/Castelló de la Plana,ES,Spain,67.45,92.76,2025,42.13,2021,16.45,16.45,2023,12.51,20.48,2024,4.53,2024,,,,,,,,,3,42.9,TRUE,TRUE,TRUE,TRUE,FALSE,TRUE,0
ES070,Huelva,ES,Spain,49.67,93.8,2025,5.54,2021,,,,,,,,,,,,,,,,,1,14.3,FALSE,TRUE,FALSE,FALSE,FALSE,FALSE,0
ES071,Cádiz,ES,Spain,26.82,53.32,2025,0.32,2021,,,,,,,,,,,,,,,,,1,14.3,FALSE,TRUE,FALSE,FALSE,FALSE,FALSE,0
ES072,León,ES,Spain,58.05,90.1,2025,26.0,2021,,,,,,,,,,,,,,,,,1,14.3,FALSE,TRUE,FALSE,FALSE,FALSE,FALSE,0
ES073,Tarragona,ES,Spain,45.05,73.56,2025,16.53,2021,,,,,,,,,,,,,,,,,1,14.3,FALSE,TRUE,FALSE,FALSE,FALSE,FALSE,0
ES074,Jaén,ES,Spain,46.53,69.72,2025,23.35,2021,,,,,,,,,,,,,,,,,1,14.3,FALSE,TRUE,FALSE,FALSE,FALSE,FALSE,0
ES075,Lleida,ES,Spain,47.22,63.22,2025,31.22,2021,,,,,,,,,,,,,,,,,1,14.3,FALSE,TRUE,FALSE,FALSE,FALSE,FALSE,0
ES076,Ourense,ES,Spain,64.66,71.94,2025,57.38,2021,,,,,,,,,,,,,,,,,1,14.3,FALSE,TRUE,FALSE,FALSE,FALSE,FALSE,0
ES079,Algeciras,ES,Spain,60.05,96.75,2025,23.35,2021,,,,,,,,,,,,,,,,,1,14.3,FALSE,TRUE,FALSE,FALSE,FALSE,FALSE,0
ES080,Marbella,ES,Spain,,,,55.22,2021,,,,9.26,14.94,2024,3.58,2024,,,,,,,,,1,14.3,FALSE,FALSE,FALSE,TRUE,FALSE,FALSE,0
ES083,Alcoy,ES,Spain,,57.16,2025,,,13.66,13.66,2023,,,,,,,,,,,,,,1,14.3,FALSE,FALSE,TRUE,FALSE,FALSE,FALSE,0
ES084,Ávila,ES,Spain,,,,,,,,,,,,,,,,,,,,,,0,0.0,FALSE,FALSE,FALSE,FALSE,FALSE,FALSE,0
ES086,Chiclana de la Frontera,ES,Spain,,56.57,2025,,,,,,,,,,,,,,,,,,,0,0.0,FALSE,FALSE,FALSE,FALSE,FALSE,FALSE,0
ES088,Cuenca,ES,Spain,,,,,,,,,,,,,,,,,,,,,,0,0.0,FALSE,FALSE,FALSE,FALSE,FALSE,FALSE,0
ES089,Eivissa,ES,Spain,37.89,64.7,2025,11.08,2021,,,,,,,,,,,,,,,,,1,14.3,FALSE,TRUE,FALSE,FALSE,FALSE,FALSE,0
ES090,Linares,ES,Spain,,,,,,,,,,,,,,,,,,,,,,0,0.0,FALSE,FALSE,FALSE,FALSE,FALSE,FALSE,0
ES091,Lorca,ES,Spain,,72.82,2025,,,,,,,,,,,,,,,,,,,0,0.0,FALSE,FALSE,FALSE,FALSE,FALSE,FALSE,0
ES092,Mérida,ES,Spain,,85.38,2025,,,,,,,,,,,,,,,,,,,0,0.0,FALSE,FALSE,FALSE,FALSE,FALSE,FALSE,0
ES093,Sagunto,ES,Spain,,,,,,4.51,4.51,2023,,,,,,,,,,,,,,1,14.3,FALSE,FALSE,TRUE,FALSE,FALSE,FALSE,0
ES096,Puerto de la Cruz,ES,Spain,,,,86.6,2021,,,,,,,,,,,,,,,,,0,0.0,FALSE,FALSE,FALSE,FALSE,FALSE,FALSE,0
ES097,Igualada,ES,Spain,,,,14.61,2021,,,,,,,,,,,,,,,,,0,0.0,FALSE,FALSE,FALSE,FALSE,FALSE,FALSE,0
FI001,Helsinki/Helsingfors,FI,Finland,85.26,95.57,2025,74.96,2021,29.44,29.44,2023,41.89,66.05,2024,17.74,2024,81.25,2023,85.0,2023,73.75,2023,16.25,2023,7,100.0,TRUE,TRUE,TRUE,TRUE,TRUE,TRUE,4
FI002,Tampere/Tammerfors,FI,Finland,92.94,97.93,2025,87.96,2021,17.64,17.64,2023,45.51,63.1,2024,27.92,2024,,,,,,,,,3,42.9,TRUE,TRUE,TRUE,TRUE,FALSE,TRUE,0
FI003,Turku/Åbo,FI,Finland,90.21,98.08,2025,82.34,2021,16.71,16.71,2023,37.55,58.67,2024,16.42,2024,,,,,,,,,3,42.9,TRUE,TRUE,TRUE,TRUE,FALSE,TRUE,0
FI004,Oulu/Uleåborg,FI,Finland,97.34,97.34,2025,97.35,2021,18.7,18.7,2023,42.66,56.64,2024,28.68,2024,88.75,2023,93.75,2023,58.13,2023,100.0,2023,7,100.0,TRUE,TRUE,TRUE,TRUE,TRUE,TRUE,4
FI007,Lahti,FI,Finland,,99.26,2025,,,18.17,18.17,2023,,,,,,,,,,,,,,1,14.3,FALSE,FALSE,TRUE,FALSE,FALSE,FALSE,0
FI008,Kuopio,FI,Finland,98.78,98.67,2025,98.88,2021,10.34,10.34,2023,,,,,,,,,,,,,,2,28.6,FALSE,TRUE,TRUE,FALSE,FALSE,FALSE,0
FI009,Jyväskylä,FI,Finland,93.24,99.56,2025,86.92,2021,17.64,17.64,2023,,,,,,,,,,,,,,2,28.6,TRUE,TRUE,TRUE,FALSE,FALSE,FALSE,0
FR001,Paris,FR,France,30.57,47.42,2025,13.72,2021,45.62,45.62,2023,32.4,38.01,2024,26.79,2024,32.5,2023,18.75,2023,25.0,2023,8.75,2023,7,100.0,TRUE,TRUE,TRUE,TRUE,TRUE,TRUE,4
FR002,Lyon,FR,France,32.64,49.48,2025,15.81,2021,13.66,13.66,2023,41.6,42.07,2024,41.13,2024,,,,,,,,,3,42.9,TRUE,TRUE,TRUE,TRUE,FALSE,TRUE,0
FR003,Lille,FR,France,35.12,45.2,2025,25.04,2021,12.6,12.6,2023,19.88,19.37,2024,20.38,2024,16.25,2023,28.75,2023,31.25,2023,52.5,2023,7,100.0,TRUE,TRUE,TRUE,TRUE,TRUE,TRUE,4
FR004,Marseille,FR,France,42.96,54.06,2025,31.86,2021,5.04,5.04,2023,32.49,21.59,2024,43.4,2024,3.75,2023,8.75,2023,36.25,2023,46.25,2023,7,100.0,TRUE,TRUE,TRUE,TRUE,TRUE,TRUE,4
FR005,Bordeaux,FR,France,55.58,80.35,2025,30.82,2021,,,,46.95,44.65,2024,49.25,2024,33.75,2023,36.25,2023,63.12,2023,35.0,2023,6,85.7,TRUE,TRUE,FALSE,TRUE,FALSE,FALSE,4
FR006,Toulouse,FR,France,58.81,74.45,2025,43.18,2021,3.98,3.98,2023,29.59,27.86,2024,31.32,2024,,,,,,,,,3,42.9,TRUE,TRUE,TRUE,TRUE,FALSE,TRUE,0
FR007,Nantes,FR,France,64.67,85.52,2025,43.82,2021,14.06,14.06,2023,54.18,55.72,2024,52.64,2024,,,,,,,,,3,42.9,TRUE,TRUE,TRUE,TRUE,FALSE,TRUE,0
FR008,Nice,FR,France,53.8,41.06,2025,66.53,2021,,,,32.49,21.59,2024,43.4,2024,,,,,,,,,2,28.6,TRUE,TRUE,FALSE,TRUE,FALSE,FALSE,0
FR009,Strasbourg,FR,France,33.04,34.86,2025,31.22,2021,,,,32.68,29.89,2024,35.47,2024,64.38,2023,67.5,2023,95.62,2023,50.0,2023,6,85.7,TRUE,TRUE,FALSE,TRUE,FALSE,FALSE,4
FR010,Rouen,FR,France,62.16,63.07,2025,61.24,2021,,,,29.24,25.46,2024,33.02,2024,,,,,,,,,2,28.6,TRUE,TRUE,FALSE,TRUE,FALSE,FALSE,0
FR011,Montpellier,FR,France,40.55,61.6,2025,19.5,2021,,,,29.59,27.86,2024,31.32,2024,,,,,,,,,2,28.6,TRUE,TRUE,FALSE,TRUE,FALSE,FALSE,0
FR012,Grenoble,FR,France,39.1,51.55,2025,26.65,2021,,,,41.6,42.07,2024,41.13,2024,,,,,,,,,2,28.6,TRUE,TRUE,FALSE,TRUE,FALSE,FALSE,0
FR013,Tours,FR,France,66.44,82.57,2025,50.32,2021,2.12,2.12,2023,57.11,54.61,2024,59.62,2024,,,,,,,,,3,42.9,TRUE,TRUE,TRUE,TRUE,FALSE,TRUE,0
FR014,Cannes-Antibes,FR,France,60.61,36.63,2025,84.59,2021,33.55,33.55,2023,32.49,21.59,2024,43.4,2024,,,,,,,,,3,42.9,TRUE,TRUE,TRUE,TRUE,FALSE,TRUE,0
FR015,Toulon,FR,France,70.43,57.31,2025,83.55,2021,9.55,9.55,2023,32.49,21.59,2024,43.4,2024,,,,,,,,,3,42.9,TRUE,TRUE,TRUE,TRUE,FALSE,TRUE,0
FR016,Rennes,FR,France,52.88,73.26,2025,32.5,2021,7.69,7.69,2023,59.42,59.23,2024,59.62,2024,46.25,2023,56.88,2023,65.62,2023,79.38,2023,7,100.0,TRUE,TRUE,TRUE,TRUE,TRUE,TRUE,4
FR017,Reims,FR,France,46.3,71.49,2025,21.11,2021,,,,32.68,29.89,2024,35.47,2024,,,,,,,,,2,28.6,TRUE,TRUE,FALSE,TRUE,FALSE,FALSE,0
FR018,Orléans,FR,France,64.51,76.37,2025,52.65,2021,,,,57.11,54.61,2024,59.62,2024,,,,,,,,,2,28.6,TRUE,TRUE,FALSE,TRUE,FALSE,FALSE,0
FR019,Nancy,FR,France,47.98,66.91,2025,29.05,2021,,,,32.68,29.89,2024,35.47,2024,,,,,,,,,2,28.6,TRUE,TRUE,FALSE,TRUE,FALSE,FALSE,0
FR020,Dijon,FR,France,52.19,83.9,2025,20.47,2021,,,,44.06,33.21,2024,54.91,2024,,,,,,,,,2,28.6,TRUE,TRUE,FALSE,TRUE,FALSE,FALSE,0
FR021,Clermont-Ferrand,FR,France,56.02,81.54,2025,30.5,2021,,,,41.6,42.07,2024,41.13,2024,,,,,,,,,2,28.6,TRUE,TRUE,FALSE,TRUE,FALSE,FALSE,0
FR022,Le Havre,FR,France,60.52,63.66,2025,57.38,2021,,,,29.24,25.46,2024,33.02,2024,,,,,,,,,2,28.6,TRUE,TRUE,FALSE,TRUE,FALSE,FALSE,0
FR023,Saint-Étienne,FR,France,48.85,61.74,2025,35.96,2021,,,,41.6,42.07,2024,41.13,2024,,,,,,,,,2,28.6,TRUE,TRUE,FALSE,TRUE,FALSE,FALSE,0
FR024,Angers,FR,France,67.55,72.97,2025,62.12,2021,,,,54.18,55.72,2024,52.64,2024,,,,,,,,,2,28.6,TRUE,TRUE,FALSE,TRUE,FALSE,FALSE,0
FR025,Mulhouse,FR,France,41.84,34.71,2025,48.96,2021,,,,32.68,29.89,2024,35.47,2024,,,,,,,,,2,28.6,TRUE,TRUE,FALSE,TRUE,FALSE,FALSE,0
FR026,Lens,FR,France,68.22,42.54,2025,93.9,2021,,,,19.88,19.37,2024,20.38,2024,,,,,,,,,2,28.6,TRUE,TRUE,FALSE,TRUE,FALSE,FALSE,0
FR027,Metz,FR,France,59.33,58.79,2025,59.87,2021,,,,32.68,29.89,2024,35.47,2024,,,,,,,,,2,28.6,TRUE,TRUE,FALSE,TRUE,FALSE,FALSE,0
FR028,Nîmes,FR,France,56.08,55.98,2025,56.18,2021,,,,29.59,27.86,2024,31.32,2024,,,,,,,,,2,28.6,TRUE,TRUE,FALSE,TRUE,FALSE,FALSE,0
FR029,Le Mans,FR,France,66.29,75.92,2025,56.66,2021,,,,54.18,55.72,2024,52.64,2024,,,,,,,,,2,28.6,TRUE,TRUE,FALSE,TRUE,FALSE,FALSE,0
FR030,Saint-Denis,FR,France,47.7,29.99,2025,65.41,2021,,,,2.96,4.8,2024,1.13,2024,,,,,,,,,2,28.6,TRUE,TRUE,FALSE,TRUE,FALSE,FALSE,0
FR031,Caen,FR,France,63.33,62.78,2025,63.88,2021,,,,29.24,25.46,2024,33.02,2024,,,,,,,,,2,28.6,TRUE,TRUE,FALSE,TRUE,FALSE,FALSE,0
FR032,Limoges,FR,France,86.39,88.18,2025,84.59,2021,,,,46.95,44.65,2024,49.25,2024,,,,,,,,,2,28.6,TRUE,TRUE,FALSE,TRUE,FALSE,FALSE,0
FR034,Brest,FR,France,66.14,73.12,2025,59.15,2021,11.14,11.14,2023,59.42,59.23,2024,59.62,2024,,,,,,,,,3,42.9,TRUE,TRUE,TRUE,TRUE,FALSE,TRUE,0
FR035,Amiens,FR,France,60.51,71.34,2025,49.68,2021,,,,19.88,19.37,2024,20.38,2024,,,,,,,,,2,28.6,TRUE,TRUE,FALSE,TRUE,FALSE,FALSE,0
FR036,Dunkerque,FR,France,58.45,57.75,2025,59.15,2021,2.92,2.92,2023,,,,,,,,,,,,,,2,28.6,TRUE,TRUE,TRUE,FALSE,FALSE,FALSE,0
FR037,Perpignan,FR,France,42.24,64.99,2025,19.5,2021,,,,29.59,27.86,2024,31.32,2024,,,,,,,,,2,28.6,TRUE,TRUE,FALSE,TRUE,FALSE,FALSE,0
FR038,Annecy,FR,France,34.38,31.91,2025,36.84,2021,,,,41.6,42.07,2024,41.13,2024,,,,,,,,,2,28.6,TRUE,TRUE,FALSE,TRUE,FALSE,FALSE,0
FR039,Besançon,FR,France,68.81,67.06,2025,70.55,2021,,,,44.06,33.21,2024,54.91,2024,,,,,,,,,2,28.6,TRUE,TRUE,FALSE,TRUE,FALSE,FALSE,0
FR040,Bayonne,FR,France,71.04,79.32,2025,62.76,2021,,,,46.95,44.65,2024,49.25,2024,,,,,,,,,2,28.6,TRUE,TRUE,FALSE,TRUE,FALSE,FALSE,0
FR042,Pau,FR,France,77.47,79.17,2025,75.76,2021,,,,46.95,44.65,2024,49.25,2024,,,,,,,,,2,28.6,TRUE,TRUE,FALSE,TRUE,FALSE,FALSE,0
FR043,Avignon,FR,France,61.39,54.65,2025,68.14,2021,,,,30.97,22.51,2024,39.43,2024,,,,,,,,,2,28.6,TRUE,TRUE,FALSE,TRUE,FALSE,FALSE,0
FR044,Troyes,FR,France,64.28,82.72,2025,45.83,2021,,,,,,,,,,,,,,,,,1,14.3,FALSE,TRUE,FALSE,FALSE,FALSE,FALSE,0
FR045,Valenciennes,FR,France,71.52,69.28,2025,73.76,2021,,,,19.88,19.37,2024,20.38,2024,,,,,,,,,2,28.6,TRUE,TRUE,FALSE,TRUE,FALSE,FALSE,0
FR046,Fort-de-France,FR,France,28.62,9.01,2025,48.23,2021,,,,8.73,11.62,2024,5.85,2024,,,,,,,,,2,28.6,TRUE,TRUE,FALSE,TRUE,FALSE,FALSE,0
FR047,Poitiers,FR,France,72.3,81.83,2025,62.76,2021,,,,46.95,44.65,2024,49.25,2024,,,,,,,,,2,28.6,TRUE,TRUE,FALSE,TRUE,FALSE,FALSE,0
FR048,Valence,FR,France,41.0,53.91,2025,28.09,2021,,,,,,,,,,,,,,,,,1,14.3,FALSE,TRUE,FALSE,FALSE,FALSE,FALSE,0
FR049,Fréjus,FR,France,,54.95,2025,,,,,,,,,,,,,,,,,,,0,0.0,FALSE,FALSE,FALSE,FALSE,FALSE,FALSE,0
FR050,Chambéry,FR,France,64.72,46.53,2025,82.91,2021,,,,,,,,,,,,,,,,,1,14.3,FALSE,TRUE,FALSE,FALSE,FALSE,FALSE,0
FR052,Douai,FR,France,80.8,66.17,2025,95.43,2021,,,,,,,,,,,,,,,,,1,14.3,FALSE,TRUE,FALSE,FALSE,FALSE,FALSE,0
FR054,La Rochelle,FR,France,66.33,88.04,2025,44.62,2021,,,,,,,,,,,,,,,,,1,14.3,FALSE,TRUE,FALSE,FALSE,FALSE,FALSE,0
FR055,Lorient,FR,France,83.92,86.71,2025,81.14,2021,33.55,33.55,2023,,,,,,,,,,,,,,2,28.6,TRUE,TRUE,TRUE,FALSE,FALSE,FALSE,0
FR056,Cherbourg-en-Cotentin,FR,France,90.54,84.93,2025,96.15,2021,,,,,,,,,,,,,,,,,1,14.3,FALSE,TRUE,FALSE,FALSE,FALSE,FALSE,0
FR057,Béziers,FR,France,36.03,55.54,2025,16.53,2021,,,,,,,,,,,,,,,,,1,14.3,FALSE,TRUE,FALSE,FALSE,FALSE,FALSE,0
FR058,Chartres,FR,France,68.66,74.0,2025,63.32,2021,,,,,,,,,,,,,,,,,1,14.3,FALSE,TRUE,FALSE,FALSE,FALSE,FALSE,0
FR060,Boulogne-sur-Mer,FR,France,46.63,60.27,2025,32.99,2021,,,,,,,,,,,,,,,,,1,14.3,FALSE,TRUE,FALSE,FALSE,FALSE,FALSE,0
FR061,Calais,FR,France,45.61,56.72,2025,34.51,2021,,,,,,,,,,,,,,,,,1,14.3,FALSE,TRUE,FALSE,FALSE,FALSE,FALSE,0
FR062,Mamoudzou,FR,France,42.42,51.85,2025,32.99,2021,,,,,,,,,,,,,,,,,1,14.3,FALSE,TRUE,FALSE,FALSE,FALSE,FALSE,0
FR063,Montbéliard,FR,France,66.16,42.1,2025,90.21,2021,,,,,,,,,,,,,,,,,1,14.3,FALSE,TRUE,FALSE,FALSE,FALSE,FALSE,0
FR064,Arras,FR,France,61.72,60.12,2025,63.32,2021,,,,,,,,,,,,,,,,,1,14.3,FALSE,TRUE,FALSE,FALSE,FALSE,FALSE,0
FR065,Colmar,FR,France,24.86,24.67,2025,25.04,2021,,,,,,,,,,,,,,,,,1,14.3,FALSE,TRUE,FALSE,FALSE,FALSE,FALSE,0
FR068,Bourges,FR,France,,87.3,2025,,,,,,,,,,,,,,,,,,,0,0.0,FALSE,FALSE,FALSE,FALSE,FALSE,FALSE,0
FR069,Saint-Brieuc,FR,France,86.48,83.31,2025,89.65,2021,19.36,19.36,2023,,,,,,,,,,,,,,2,28.6,TRUE,TRUE,TRUE,FALSE,FALSE,FALSE,0
FR070,Quimper,FR,France,,85.08,2025,,,10.88,10.88,2023,,,,,,,,,,,,,,1,14.3,FALSE,FALSE,TRUE,FALSE,FALSE,FALSE,0
FR071,Belfort,FR,France,45.39,43.43,2025,47.35,2021,,,,,,,,,,,,,,,,,1,14.3,FALSE,TRUE,FALSE,FALSE,FALSE,FALSE,0
FR072,Cayenne,FR,France,38.38,26.44,2025,50.32,2021,,,,,,,,,,,,,,,,,1,14.3,FALSE,TRUE,FALSE,FALSE,FALSE,FALSE,0
FR073,Hayange,FR,France,,,,96.63,2021,,,,32.68,29.89,2024,35.47,2024,,,,,,,,,1,14.3,FALSE,FALSE,FALSE,TRUE,FALSE,FALSE,0
FR074,Saint-Louis,FR,France,,38.7,2025,,,,,,,,,,,,,,,,,,,0,0.0,FALSE,FALSE,FALSE,FALSE,FALSE,FALSE,0
FR075,Vannes,FR,France,,80.21,2025,,,5.44,5.44,2023,,,,,,,,,,,,,,1,14.3,FALSE,FALSE,TRUE,FALSE,FALSE,FALSE,0
FR076,Annemasse-Geneva (French part),FR,France,39.25,43.28,2025,35.23,2021,,,,41.6,42.07,2024,41.13,2024,,,,,,,,,2,28.6,TRUE,TRUE,FALSE,TRUE,FALSE,FALSE,0
FR077,Saint-Louis-Bâle (French part),FR,France,53.65,16.84,2025,90.45,2021,,,,,,,,,,,,,,,,,1,14.3,FALSE,TRUE,FALSE,FALSE,FALSE,FALSE,0
HR001,Zagreb,HR,Croatia,35.81,4.28,2025,67.34,2021,,,,76.64,63.1,2024,90.19,2024,78.75,2023,25.0,2023,30.0,2023,65.0,2023,6,85.7,TRUE,TRUE,FALSE,TRUE,FALSE,FALSE,4
HR002,Rijeka,HR,Croatia,71.19,58.35,2025,84.03,2021,,,,,,,,,,,,,,,,,1,14.3,FALSE,TRUE,FALSE,FALSE,FALSE,FALSE,0
HR003,Slavonski Brod,HR,Croatia,,,,79.53,2021,,,,,,,,,,,,,,,,,0,0.0,FALSE,FALSE,FALSE,FALSE,FALSE,FALSE,0
HR004,Osijek,HR,Croatia,20.95,12.11,2025,29.78,2021,,,,,,,,,,,,,,,,,1,14.3,FALSE,TRUE,FALSE,FALSE,FALSE,FALSE,0
HR005,Split,HR,Croatia,38.0,49.34,2025,26.65,2021,,,,41.69,34.13,2024,49.25,2024,,,,,,,,,2,28.6,TRUE,TRUE,FALSE,TRUE,FALSE,FALSE,0
HR006,Pula/Pola,HR,Croatia,,,,,,,,,,,,,,,,,,,,,,0,0.0,FALSE,FALSE,FALSE,FALSE,FALSE,FALSE,0
HR007,Zadar,HR,Croatia,58.84,88.63,2025,29.05,2021,,,,,,,,,,,,,,,,,1,14.3,FALSE,TRUE,FALSE,FALSE,FALSE,FALSE,0
HU001,Budapest,HU,Hungary,27.08,15.95,2025,38.2,2021,51.33,51.33,2023,89.67,87.45,2024,91.89,2024,18.75,2023,6.25,2023,14.37,2023,27.5,2023,7,100.0,TRUE,TRUE,TRUE,TRUE,TRUE,TRUE,4
HU002,Miskolc,HU,Hungary,54.2,15.21,2025,93.18,2021,53.18,53.18,2023,32.73,34.13,2024,31.32,2024,10.0,2023,5.0,2023,6.25,2023,63.75,2023,7,100.0,TRUE,TRUE,TRUE,TRUE,TRUE,TRUE,4
HU003,Nyíregyháza,HU,Hungary,52.61,24.08,2025,81.14,2021,27.45,27.45,2023,,,,,,,,,,,,,,2,28.6,FALSE,TRUE,TRUE,FALSE,FALSE,FALSE,0
HU004,Pécs,HU,Hungary,60.22,37.52,2025,82.91,2021,66.84,66.84,2023,,,,,,,,,,,,,,2,28.6,FALSE,TRUE,TRUE,FALSE,FALSE,FALSE,0
HU005,Debrecen,HU,Hungary,41.29,13.88,2025,68.7,2021,7.43,7.43,2023,58.5,57.38,2024,59.62,2024,,,,,,,,,3,42.9,TRUE,TRUE,TRUE,TRUE,FALSE,TRUE,0
HU006,Szeged,HU,Hungary,55.8,38.26,2025,73.35,2021,45.62,45.62,2023,,,,,,,,,,,,,,2,28.6,FALSE,TRUE,TRUE,FALSE,FALSE,FALSE,0
HU007,Győr,HU,Hungary,59.73,34.56,2025,84.91,2021,47.08,47.08,2023,91.67,85.61,2024,97.74,2024,,,,,,,,,3,42.9,TRUE,TRUE,TRUE,TRUE,FALSE,TRUE,0
HU008,Kecskemét,HU,Hungary,,23.63,2025,,,13.26,13.26,2023,,,,,,,,,,,,,,1,14.3,FALSE,FALSE,TRUE,FALSE,FALSE,FALSE,0
HU009,Székesfehérvár,HU,Hungary,45.36,22.01,2025,68.7,2021,35.28,35.28,2023,86.16,80.44,2024,91.89,2024,,,,,,,,,3,42.9,TRUE,TRUE,TRUE,TRUE,FALSE,TRUE,0
HU010,Szombathely,HU,Hungary,37.76,29.69,2025,45.83,2021,34.88,34.88,2023,,,,,,,,,,,,,,2,28.6,FALSE,TRUE,TRUE,FALSE,FALSE,FALSE,0
HU011,Szolnok,HU,Hungary,,,,,,44.3,44.3,2023,,,,,,,,,,,,,,1,14.3,FALSE,FALSE,TRUE,FALSE,FALSE,FALSE,0
HU012,Tatabánya,HU,Hungary,,12.56,2025,,,21.88,21.88,2023,,,,,,,,,,,,,,1,14.3,FALSE,FALSE,TRUE,FALSE,FALSE,FALSE,0
HU013,Veszprém,HU,Hungary,,,,,,48.67,48.67,2023,,,,,,,,,,,,,,1,14.3,FALSE,FALSE,TRUE,FALSE,FALSE,FALSE,0
HU014,Békéscsaba,HU,Hungary,,,,,,47.08,47.08,2023,,,,,,,,,,,,,,1,14.3,FALSE,FALSE,TRUE,FALSE,FALSE,FALSE,0
HU015,Kaposvár,HU,Hungary,,,,,,23.47,23.47,2023,,,,,,,,,,,,,,1,14.3,FALSE,FALSE,TRUE,FALSE,FALSE,FALSE,0
HU016,Eger,HU,Hungary,,,,,,72.68,72.68,2023,,,,,,,,,,,,,,1,14.3,FALSE,FALSE,TRUE,FALSE,FALSE,FALSE,0
HU017,Dunaújváros,HU,Hungary,,,,,,32.89,32.89,2023,,,,,,,,,,,,,,1,14.3,FALSE,FALSE,TRUE,FALSE,FALSE,FALSE,0
HU018,Zalaegerszeg,HU,Hungary,,,,,,34.88,34.88,2023,,,,,,,,,,,,,,1,14.3,FALSE,FALSE,TRUE,FALSE,FALSE,FALSE,0
HU019,Sopron,HU,Hungary,41.09,32.5,2025,49.68,2021,55.17,55.17,2023,,,,,,,,,,,,,,2,28.6,FALSE,TRUE,TRUE,FALSE,FALSE,FALSE,0
IE001,Dublin,IE,Ireland,63.62,90.4,2025,36.84,2021,20.42,20.42,2023,75.58,82.29,2024,68.87,2023,48.12,2023,75.0,2023,32.5,2023,20.0,2023,7,100.0,TRUE,TRUE,TRUE,TRUE,TRUE,TRUE,4
IE002,Cork,IE,Ireland,86.22,91.29,2025,81.14,2021,5.84,5.84,2023,65.59,73.43,2024,57.74,2024,,,,,,,,,3,42.9,TRUE,TRUE,TRUE,TRUE,FALSE,TRUE,0
IE003,Limerick,IE,Ireland,,92.02,2025,,,1.59,1.59,2023,79.03,77.68,2024,80.38,2024,,,,,,,,,2,28.6,TRUE,FALSE,TRUE,TRUE,FALSE,FALSE,0
IE004,Galway,IE,Ireland,92.5,96.16,2025,88.84,2021,0.8,0.8,2023,73.62,79.89,2024,67.36,2024,,,,,,,,,3,42.9,TRUE,TRUE,TRUE,TRUE,FALSE,TRUE,0
IE005,Waterford,IE,Ireland,,94.24,2025,,,8.49,8.49,2023,,,,,,,,,,,,,,1,14.3,FALSE,FALSE,TRUE,FALSE,FALSE,FALSE,0
IS001,Reykjavík,IS,Iceland,91.6,97.49,2025,85.71,2021,,,,,,,,,85.0,2023,97.5,2023,98.75,2023,23.75,2023,5,71.4,FALSE,TRUE,FALSE,FALSE,FALSE,FALSE,4
IT001,Roma,IT,Italy,14.04,8.57,2025,19.5,2021,3.18,3.18,2023,39.64,23.25,2024,56.04,2024,1.25,2023,16.25,2023,11.88,2023,42.5,2023,7,100.0,TRUE,TRUE,TRUE,TRUE,TRUE,TRUE,4
IT002,Milano,IT,Italy,15.82,3.55,2025,28.09,2021,4.77,4.77,2023,60.86,49.45,2024,72.26,2024,,,,,,,,,3,42.9,TRUE,TRUE,TRUE,TRUE,FALSE,TRUE,0
IT003,Napoli,IT,Italy,24.5,19.94,2025,29.05,2021,0.27,0.27,2023,1.11,1.48,2024,0.75,2024,5.0,2023,30.0,2023,5.0,2023,87.5,2023,7,100.0,TRUE,TRUE,TRUE,TRUE,TRUE,TRUE,4
IT004,Torino,IT,Italy,5.7,3.69,2025,7.7,2021,,,,43.08,36.9,2024,49.25,2024,12.5,2023,21.25,2023,10.0,2023,73.75,2023,6,85.7,TRUE,TRUE,FALSE,TRUE,FALSE,FALSE,4
IT005,Palermo,IT,Italy,24.53,20.97,2025,28.09,2021,5.44,5.44,2023,2.25,1.85,2024,2.64,2024,13.75,2023,23.75,2023,8.75,2023,96.25,2023,7,100.0,TRUE,TRUE,TRUE,TRUE,TRUE,TRUE,4
IT006,Genova,IT,Italy,11.31,7.53,2025,15.09,2021,87.93,87.93,2023,49.12,36.16,2024,62.08,2024,,,,,,,,,3,42.9,TRUE,TRUE,TRUE,TRUE,FALSE,TRUE,0
IT007,Firenze,IT,Italy,20.46,21.42,2025,19.5,2021,22.55,22.55,2023,80.37,67.9,2024,92.83,2024,,,,,,,,,3,42.9,TRUE,TRUE,TRUE,TRUE,FALSE,TRUE,0
IT008,Bari,IT,Italy,16.2,23.34,2025,9.07,2021,,,,35.9,12.18,2024,59.62,2024,,,,,,,,,2,28.6,TRUE,TRUE,FALSE,TRUE,FALSE,FALSE,0
IT009,Bologna,IT,Italy,14.07,3.99,2025,24.16,2021,,,,63.12,57.38,2024,68.87,2024,15.0,2023,51.88,2023,23.75,2023,31.87,2023,6,85.7,TRUE,TRUE,FALSE,TRUE,FALSE,FALSE,4
IT010,Catania,IT,Italy,27.16,22.45,2025,31.86,2021,,,,4.96,2.95,2024,6.98,2024,,,,,,,,,2,28.6,TRUE,TRUE,FALSE,TRUE,FALSE,FALSE,0
IT011,Venezia,IT,Italy,9.39,0.89,2025,17.9,2021,32.36,32.36,2023,56.77,35.06,2024,78.49,2024,,,,,,,,,3,42.9,TRUE,TRUE,TRUE,TRUE,FALSE,TRUE,0
IT012,Verona,IT,Italy,9.15,1.77,2025,16.53,2021,,,,71.8,49.45,2024,94.15,2024,27.5,2023,53.75,2023,26.88,2023,67.5,2023,6,85.7,TRUE,TRUE,FALSE,TRUE,FALSE,FALSE,4
IT013,Cremona,IT,Italy,7.88,1.62,2025,14.13,2021,,,,,,,,,,,,,,,,,1,14.3,FALSE,TRUE,FALSE,FALSE,FALSE,FALSE,0
IT014,Trento,IT,Italy,30.58,21.27,2025,39.89,2021,65.52,65.52,2023,,,,,,,,,,,,,,2,28.6,TRUE,TRUE,TRUE,FALSE,FALSE,FALSE,0
IT015,Trieste,IT,Italy,23.6,28.66,2025,18.54,2021,,,,,,,,,,,,,,,,,1,14.3,FALSE,TRUE,FALSE,FALSE,FALSE,FALSE,0
IT016,Perugia,IT,Italy,40.37,19.5,2025,61.24,2021,,,,52.49,38.38,2024,66.6,2024,,,,,,,,,2,28.6,TRUE,TRUE,FALSE,TRUE,FALSE,FALSE,0
IT017,Ancona,IT,Italy,29.98,33.97,2025,26.0,2021,51.86,51.86,2023,,,,,,,,,,,,,,2,28.6,TRUE,TRUE,TRUE,FALSE,FALSE,FALSE,0
IT018,Pescara,IT,Italy,23.59,16.69,2025,30.5,2021,,,,,,,,,,,,,,,,,1,14.3,FALSE,TRUE,FALSE,FALSE,FALSE,FALSE,0
IT019,Campobasso,IT,Italy,,27.77,2025,,,,,,,,,,,,,,,,,,,0,0.0,FALSE,FALSE,FALSE,FALSE,FALSE,FALSE,0
IT020,Caserta,IT,Italy,27.02,23.93,2025,30.1,2021,,,,,,,,,,,,,,,,,1,14.3,FALSE,TRUE,FALSE,FALSE,FALSE,FALSE,0
IT021,Taranto,IT,Italy,18.79,25.85,2025,11.72,2021,,,,5.55,0.92,2024,10.19,2024,,,,,,,,,2,28.6,TRUE,TRUE,FALSE,TRUE,FALSE,FALSE,0
IT022,Potenza,IT,Italy,,72.53,2025,,,,,,,,,,,,,,,,,,,0,0.0,FALSE,FALSE,FALSE,FALSE,FALSE,FALSE,0
IT023,Catanzaro,IT,Italy,,33.23,2025,,,,,,,,,,,,,,,,,,,0,0.0,FALSE,FALSE,FALSE,FALSE,FALSE,FALSE,0
IT024,Reggio di Calabria,IT,Italy,27.74,25.7,2025,29.78,2021,,,,,,,,,,,,,,,,,1,14.3,FALSE,TRUE,FALSE,FALSE,FALSE,FALSE,0
IT025,Sassari,IT,Italy,52.54,73.86,2025,31.22,2021,53.18,53.18,2023,,,,,,,,,,,,,,2,28.6,TRUE,TRUE,TRUE,FALSE,FALSE,FALSE,0
IT026,Cagliari,IT,Italy,27.63,47.56,2025,7.7,2021,72.68,72.68,2023,16.46,12.55,2024,20.38,2024,,,,,,,,,3,42.9,TRUE,TRUE,TRUE,TRUE,FALSE,TRUE,0
IT027,Padova,IT,Italy,20.38,0.15,2025,40.61,2021,,,,77.89,61.62,2024,94.15,2024,,,,,,,,,2,28.6,TRUE,TRUE,FALSE,TRUE,FALSE,FALSE,0
IT028,Brescia,IT,Italy,18.86,4.73,2025,32.99,2021,,,,60.78,31.37,2024,90.19,2024,,,,,,,,,2,28.6,TRUE,TRUE,FALSE,TRUE,FALSE,FALSE,0
IT029,Modena,IT,Italy,6.5,1.92,2025,11.08,2021,,,,54.86,37.45,2024,72.26,2024,,,,,,,,,2,28.6,TRUE,TRUE,FALSE,TRUE,FALSE,FALSE,0
IT030,Foggia,IT,Italy,18.18,36.04,2025,0.32,2021,,,,,,,,,,,,,,,,,1,14.3,FALSE,TRUE,FALSE,FALSE,FALSE,FALSE,0
IT031,Salerno,IT,Italy,35.86,22.75,2025,48.96,2021,,,,6.08,5.17,2024,6.98,2024,,,,,,,,,2,28.6,TRUE,TRUE,FALSE,TRUE,FALSE,FALSE,0
IT032,Piacenza,IT,Italy,6.29,4.14,2025,8.43,2021,,,,,,,,,,,,,,,,,1,14.3,FALSE,TRUE,FALSE,FALSE,FALSE,FALSE,0
IT033,Bolzano,IT,Italy,24.38,36.48,2025,12.28,2021,,,,,,,,,,,,,,,,,1,14.3,FALSE,TRUE,FALSE,FALSE,FALSE,FALSE,0
IT034,Udine,IT,Italy,30.39,15.36,2025,45.43,2021,,,,,,,,,,,,,,,,,1,14.3,FALSE,TRUE,FALSE,FALSE,FALSE,FALSE,0
IT035,La Spezia,IT,Italy,31.34,35.16,2025,27.53,2021,,,,,,,,,,,,,,,,,1,14.3,FALSE,TRUE,FALSE,FALSE,FALSE,FALSE,0
IT036,Lecce,IT,Italy,15.57,24.96,2025,6.18,2021,,,,,,,,,,,,,,,,,1,14.3,FALSE,TRUE,FALSE,FALSE,FALSE,FALSE,0
IT037,Barletta,IT,Italy,15.81,31.31,2025,0.32,2021,,,,,,,,,,,,,,,,,1,14.3,FALSE,TRUE,FALSE,FALSE,FALSE,FALSE,0
IT038,Pesaro,IT,Italy,18.31,22.9,2025,13.72,2021,75.73,75.73,2023,,,,,,,,,,,,,,2,28.6,TRUE,TRUE,TRUE,FALSE,FALSE,FALSE,0
IT039,Como,IT,Italy,49.37,6.2,2025,92.54,2021,,,,,,,,,,,,,,,,,1,14.3,FALSE,TRUE,FALSE,FALSE,FALSE,FALSE,0
IT040,Pisa,IT,Italy,22.26,17.87,2025,26.65,2021,,,,,,,,,,,,,,,,,1,14.3,FALSE,TRUE,FALSE,FALSE,FALSE,FALSE,0
IT041,Treviso,IT,Italy,30.47,0.44,2025,60.51,2021,,,,,,,,,,,,,,,,,1,14.3,FALSE,TRUE,FALSE,FALSE,FALSE,FALSE,0
IT042,Varese,IT,Italy,49.58,6.94,2025,92.22,2021,30.5,30.5,2023,,,,,,,,,,,,,,2,28.6,TRUE,TRUE,TRUE,FALSE,FALSE,FALSE,0
IT043,Asti,IT,Italy,3.83,1.48,2025,6.18,2021,15.52,15.52,2023,,,,,,,,,,,,,,2,28.6,TRUE,TRUE,TRUE,FALSE,FALSE,FALSE,0
IT044,Pavia,IT,Italy,24.57,5.32,2025,43.82,2021,,,,,,,,,,,,,,,,,1,14.3,FALSE,TRUE,FALSE,FALSE,FALSE,FALSE,0
IT045,Massa,IT,Italy,,,,95.67,2021,,,,,,,,,,,,,,,,,0,0.0,FALSE,FALSE,FALSE,FALSE,FALSE,FALSE,0
IT046,Cosenza,IT,Italy,42.83,27.47,2025,58.19,2021,,,,,,,,,,,,,,,,,1,14.3,FALSE,TRUE,FALSE,FALSE,FALSE,FALSE,0
IT047,Savona,IT,Italy,15.99,9.75,2025,22.23,2021,,,,,,,,,,,,,,,,,1,14.3,FALSE,TRUE,FALSE,FALSE,FALSE,FALSE,0
IT048,Matera,IT,Italy,,45.79,2025,,,,,,,,,,,,,,,,,,,0,0.0,FALSE,FALSE,FALSE,FALSE,FALSE,FALSE,0
IT049,Acireale,IT,Italy,,,,65.41,2021,,,,,,,,,,,,,,,,,0,0.0,FALSE,FALSE,FALSE,FALSE,FALSE,FALSE,0
IT050,Avellino,IT,Italy,38.41,21.12,2025,55.7,2021,,,,,,,,,,,,,,,,,1,14.3,FALSE,TRUE,FALSE,FALSE,FALSE,FALSE,0
IT051,Pordenone,IT,Italy,41.52,7.68,2025,75.36,2021,,,,,,,,,,,,,,,,,1,14.3,FALSE,TRUE,FALSE,FALSE,FALSE,FALSE,0
IT052,Lecco,IT,Italy,34.23,11.08,2025,57.38,2021,,,,,,,,,,,,,,,,,1,14.3,FALSE,TRUE,FALSE,FALSE,FALSE,FALSE,0
IT053,Altamura,IT,Italy,19.59,37.08,2025,2.09,2021,,,,,,,,,,,,,,,,,1,14.3,FALSE,TRUE,FALSE,FALSE,FALSE,FALSE,0
IT056,Battipaglia,IT,Italy,20.24,25.55,2025,14.93,2021,,,,,,,,,,,,,,,,,1,14.3,FALSE,TRUE,FALSE,FALSE,FALSE,FALSE,0
IT057,Bisceglie,IT,Italy,18.95,36.78,2025,1.12,2021,,,,,,,,,,,,,,,,,1,14.3,FALSE,TRUE,FALSE,FALSE,FALSE,FALSE,0
IT058,Carpi,IT,Italy,,1.18,2025,,,,,,,,,,,,,,,,,,,0,0.0,FALSE,FALSE,FALSE,FALSE,FALSE,FALSE,0
IT059,Cerignola,IT,Italy,25.75,48.6,2025,2.89,2021,,,,,,,,,,,,,,,,,1,14.3,FALSE,TRUE,FALSE,FALSE,FALSE,FALSE,0
IT060,Gela,IT,Italy,18.14,31.46,2025,4.82,2021,,,,,,,,,,,,,,,,,1,14.3,FALSE,TRUE,FALSE,FALSE,FALSE,FALSE,0
IT063,Sassuolo,IT,Italy,,3.84,2025,,,,,,,,,,,,,,,,,,,0,0.0,FALSE,FALSE,FALSE,FALSE,FALSE,FALSE,0
IT064,Messina,IT,Italy,25.95,24.37,2025,27.53,2021,23.87,23.87,2023,2.23,2.58,2024,1.89,2024,,,,,,,,,3,42.9,TRUE,TRUE,TRUE,TRUE,FALSE,TRUE,0
IT065,Prato,IT,Italy,18.36,16.25,2025,20.47,2021,,,,75.26,60.33,2024,90.19,2024,,,,,,,,,2,28.6,TRUE,TRUE,FALSE,TRUE,FALSE,FALSE,0
IT066,Parma,IT,Italy,7.88,2.51,2025,13.24,2021,,,,60.73,52.58,2024,68.87,2024,,,,,,,,,2,28.6,TRUE,TRUE,FALSE,TRUE,FALSE,FALSE,0
IT067,Livorno,IT,Italy,13.77,19.35,2025,8.19,2021,,,,,,,,,,,,,,,,,1,14.3,FALSE,TRUE,FALSE,FALSE,FALSE,FALSE,0
IT068,Reggio nell'Emilia,IT,Italy,11.34,2.22,2025,20.47,2021,,,,57.72,35.06,2024,80.38,2024,,,,,,,,,2,28.6,TRUE,TRUE,FALSE,TRUE,FALSE,FALSE,0
IT069,Ravenna,IT,Italy,14.71,6.06,2025,23.35,2021,,,,,,,,,,,,,,,,,1,14.3,FALSE,TRUE,FALSE,FALSE,FALSE,FALSE,0
IT070,Ferrara,IT,Italy,15.86,2.66,2025,29.05,2021,,,,,,,,,,,,,,,,,1,14.3,FALSE,TRUE,FALSE,FALSE,FALSE,FALSE,0
IT071,Rimini,IT,Italy,13.37,10.93,2025,15.81,2021,,,,48.5,32.1,2024,64.91,2024,,,,,,,,,2,28.6,TRUE,TRUE,FALSE,TRUE,FALSE,FALSE,0
IT072,Siracusa,IT,Italy,20.73,28.21,2025,13.24,2021,,,,,,,,,,,,,,,,,1,14.3,FALSE,TRUE,FALSE,FALSE,FALSE,FALSE,0
IT073,Bergamo,IT,Italy,28.16,6.65,2025,49.68,2021,,,,67.25,35.06,2024,99.43,2024,,,,,,,,,2,28.6,TRUE,TRUE,FALSE,TRUE,FALSE,FALSE,0
IT074,Forlì,IT,Italy,22.34,8.71,2025,35.96,2021,,,,,,,,,,,,,,,,,1,14.3,FALSE,TRUE,FALSE,FALSE,FALSE,FALSE,0
IT075,Latina,IT,Italy,11.27,13.15,2025,9.39,2021,,,,,,,,,,,,,,,,,1,14.3,FALSE,TRUE,FALSE,FALSE,FALSE,FALSE,0
IT076,Vicenza,IT,Italy,12.08,0.0,2025,24.16,2021,,,,,,,,,,,,,,,,,1,14.3,FALSE,TRUE,FALSE,FALSE,FALSE,FALSE,0
IT077,Terni,IT,Italy,32.65,22.6,2025,42.7,2021,,,,,,,,,,,,,,,,,1,14.3,FALSE,TRUE,FALSE,FALSE,FALSE,FALSE,0
IT078,Novara,IT,Italy,6.8,5.91,2025,7.7,2021,,,,,,,,,,,,,,,,,1,14.3,FALSE,TRUE,FALSE,FALSE,FALSE,FALSE,0
IT079,Alessandria,IT,Italy,6.26,5.47,2025,7.06,2021,4.24,4.24,2023,,,,,,,,,,,,,,2,28.6,TRUE,TRUE,TRUE,FALSE,FALSE,FALSE,0
IT080,Arezzo,IT,Italy,27.26,31.17,2025,23.35,2021,,,,,,,,,,,,,,,,,1,14.3,FALSE,TRUE,FALSE,FALSE,FALSE,FALSE,0
IT081,Grosseto,IT,Italy,36.05,59.82,2025,12.28,2021,,,,,,,,,,,,,,,,,1,14.3,FALSE,TRUE,FALSE,FALSE,FALSE,FALSE,0
IT082,Brindisi,IT,Italy,24.4,38.85,2025,9.95,2021,,,,,,,,,,,,,,,,,1,14.3,FALSE,TRUE,FALSE,FALSE,FALSE,FALSE,0
IT083,Trapani,IT,Italy,17.19,30.28,2025,4.09,2021,,,,,,,,,,,,,,,,,1,14.3,FALSE,TRUE,FALSE,FALSE,FALSE,FALSE,0
IT084,Ragusa,IT,Italy,22.39,34.27,2025,10.51,2021,,,,,,,,,,,,,,,,,1,14.3,FALSE,TRUE,FALSE,FALSE,FALSE,FALSE,0
IT085,Andria,IT,Italy,16.89,32.35,2025,1.44,2021,,,,,,,,,,,,,,,,,1,14.3,FALSE,TRUE,FALSE,FALSE,FALSE,FALSE,0
IT087,L'Aquila,IT,Italy,,41.95,2025,,,,,,,,,,,,,,,,,,,0,0.0,FALSE,FALSE,FALSE,FALSE,FALSE,FALSE,0
LT001,Vilnius,LT,Lithuania,73.44,56.43,2025,90.45,2021,14.59,14.59,2023,70.53,86.16,2024,54.91,2024,57.5,2023,56.88,2023,53.75,2023,56.25,2023,7,100.0,TRUE,TRUE,TRUE,TRUE,TRUE,TRUE,4
LT002,Kaunas,LT,Lithuania,68.02,50.96,2025,85.07,2021,26.39,26.39,2023,69.61,92.8,2024,46.42,2024,,,,,,,,,3,42.9,TRUE,TRUE,TRUE,TRUE,FALSE,TRUE,0
LT003,Panevėžys,LT,Lithuania,55.06,48.01,2025,62.12,2021,10.08,10.08,2023,,,,,,,,,,,,,,2,28.6,FALSE,TRUE,TRUE,FALSE,FALSE,FALSE,0
LT004,Alytus,LT,Lithuania,76.16,61.3,2025,91.01,2021,95.89,95.89,2023,,,,,,,,,,,,,,2,28.6,FALSE,TRUE,TRUE,FALSE,FALSE,FALSE,0
LT005,Klaipėda,LT,Lithuania,60.18,65.14,2025,55.22,2021,63.79,63.79,2023,,,,,,,,,,,,,,2,28.6,FALSE,TRUE,TRUE,FALSE,FALSE,FALSE,0
LT006,Šiauliai,LT,Lithuania,80.18,61.0,2025,99.36,2021,93.5,93.5,2023,,,,,,,,,,,,,,2,28.6,FALSE,TRUE,TRUE,FALSE,FALSE,FALSE,0
LU001,Luxembourg,LU,Luxembourg,54.4,61.45,2025,47.35,2021,58.89,58.89,2023,42.7,36.16,2024,49.25,2024,90.0,2023,90.0,2023,97.5,2023,11.25,2023,7,100.0,TRUE,TRUE,TRUE,TRUE,TRUE,TRUE,4
LV001,Riga,LV,Latvia,67.59,76.51,2025,58.67,2021,25.86,25.86,2023,59.8,66.97,2023,52.64,2023,52.5,2023,11.25,2023,20.0,2023,33.75,2023,7,100.0,TRUE,TRUE,TRUE,TRUE,TRUE,TRUE,4
LV002,Liepāja,LV,Latvia,69.34,66.77,2025,71.91,2021,,,,,,,,,,,,,,,,,1,14.3,FALSE,TRUE,FALSE,FALSE,FALSE,FALSE,0
LV003,Jelgava,LV,Latvia,,,,,,,,,,,,,,,,,,,,,,0,0.0,FALSE,FALSE,FALSE,FALSE,FALSE,FALSE,0
LV004,Daugavpils,LV,Latvia,64.3,67.36,2025,61.24,2021,,,,,,,,,,,,,,,,,1,14.3,FALSE,TRUE,FALSE,FALSE,FALSE,FALSE,0
MT001,Malta,MT,Malta,28.52,44.76,2025,12.28,2021,,,,88.51,90.04,2024,86.98,2024,,,,,,,,,2,28.6,FALSE,TRUE,FALSE,TRUE,FALSE,FALSE,0
NL001,Amsterdam,NL,Netherlands,56.3,70.46,2025,42.13,2021,37.14,37.14,2023,87.28,98.15,2023,76.42,2023,72.5,2023,55.0,2023,82.5,2023,15.0,2023,7,100.0,TRUE,TRUE,TRUE,TRUE,TRUE,TRUE,4
NL002,Alkmaar,NL,Netherlands,73.22,86.56,2025,59.87,2021,30.24,30.24,2023,86.57,94.65,2024,78.49,2024,,,,,,,,,3,42.9,TRUE,TRUE,TRUE,TRUE,FALSE,TRUE,0
NL003,Almelo,NL,Netherlands,69.53,43.87,2025,95.18,2021,14.59,14.59,2023,,,,,,,,,,,,,,2,28.6,FALSE,TRUE,TRUE,FALSE,FALSE,FALSE,0
NL005,Alphen aan den Rijn,NL,Netherlands,48.85,45.05,2025,52.65,2021,20.69,20.69,2023,,,,,,,,,,,,,,2,28.6,FALSE,TRUE,TRUE,FALSE,FALSE,FALSE,0
NL006,Amersfoort,NL,Netherlands,45.94,51.26,2025,40.61,2021,70.82,70.82,2023,,,,,,,,,,,,,,2,28.6,FALSE,TRUE,TRUE,FALSE,FALSE,FALSE,0
NL007,Apeldoorn,NL,Netherlands,65.18,53.47,2025,76.89,2021,24.54,24.54,2023,,,,,,,,,,,,,,2,28.6,FALSE,TRUE,TRUE,FALSE,FALSE,FALSE,0
NL008,Arnhem,NL,Netherlands,80.35,71.05,2025,89.65,2021,45.62,45.62,2023,90.86,99.45,2024,82.26,2024,,,,,,,,,3,42.9,TRUE,TRUE,TRUE,TRUE,FALSE,TRUE,0
NL009,Assen,NL,Netherlands,,,,,,12.6,12.6,2023,,,,,,,,,,,,,,1,14.3,FALSE,FALSE,TRUE,FALSE,FALSE,FALSE,0
NL010,Bergen op Zoom,NL,Netherlands,,55.39,2025,,,12.07,12.07,2023,,,,,,,,,,,,,,1,14.3,FALSE,FALSE,TRUE,FALSE,FALSE,FALSE,0
NL011,Breda,NL,Netherlands,58.45,62.33,2025,54.57,2021,24.54,24.54,2023,92.02,97.05,2024,86.98,2024,,,,,,,,,3,42.9,TRUE,TRUE,TRUE,TRUE,FALSE,TRUE,0
NL012,Deventer,NL,Netherlands,61.72,41.51,2025,81.94,2021,28.51,28.51,2023,,,,,,,,,,,,,,2,28.6,FALSE,TRUE,TRUE,FALSE,FALSE,FALSE,0
NL013,Ede,NL,Netherlands,,52.29,2025,,,21.49,21.49,2023,,,,,,,,,,,,,,1,14.3,FALSE,FALSE,TRUE,FALSE,FALSE,FALSE,0
NL014,Eindhoven,NL,Netherlands,56.55,49.78,2025,63.32,2021,31.43,31.43,2023,92.02,97.05,2024,86.98,2024,,,,,,,,,3,42.9,TRUE,TRUE,TRUE,TRUE,FALSE,TRUE,0
NL015,Enschede,NL,Netherlands,70.39,64.55,2025,76.24,2021,28.51,28.51,2023,91.81,98.71,2024,84.91,2024,,,,,,,,,3,42.9,TRUE,TRUE,TRUE,TRUE,FALSE,TRUE,0
NL016,Gouda,NL,Netherlands,33.34,44.46,2025,22.23,2021,94.56,94.56,2023,,,,,,,,,,,,,,2,28.6,FALSE,TRUE,TRUE,FALSE,FALSE,FALSE,0
NL017,'s-Gravenhage,NL,Netherlands,50.18,63.52,2025,36.84,2021,58.89,58.89,2023,85.42,95.94,2023,74.91,2023,,,,,,,,,3,42.9,TRUE,TRUE,TRUE,TRUE,FALSE,TRUE,0
NL018,Groningen,NL,Netherlands,61.3,71.64,2025,50.96,2021,18.17,18.17,2023,79.46,90.04,2024,68.87,2024,95.0,2023,95.0,2023,46.25,2023,68.75,2023,7,100.0,TRUE,TRUE,TRUE,TRUE,TRUE,TRUE,4
NL022,Heerlen,NL,Netherlands,86.34,76.22,2025,96.47,2021,67.64,67.64,2023,88.85,92.8,2024,84.91,2024,,,,,,,,,3,42.9,TRUE,TRUE,TRUE,TRUE,FALSE,TRUE,0
NL025,'s-Hertogenbosch,NL,Netherlands,54.54,49.93,2025,59.15,2021,47.08,47.08,2023,92.39,97.79,2024,86.98,2024,,,,,,,,,3,42.9,TRUE,TRUE,TRUE,TRUE,FALSE,TRUE,0
NL028,Leeuwarden,NL,Netherlands,54.35,68.09,2025,40.61,2021,21.22,21.22,2023,,,,,,,,,,,,,,2,28.6,FALSE,TRUE,TRUE,FALSE,FALSE,FALSE,0
NL029,Leiden,NL,Netherlands,48.38,42.98,2025,53.77,2021,53.18,53.18,2023,85.42,95.94,2023,74.91,2023,,,,,,,,,3,42.9,TRUE,TRUE,TRUE,TRUE,FALSE,TRUE,0
NL030,Lelystad,NL,Netherlands,,48.45,2025,,,19.63,19.63,2023,,,,,,,,,,,,,,1,14.3,FALSE,FALSE,TRUE,FALSE,FALSE,FALSE,0
NL031,Maastricht,NL,Netherlands,69.11,87.89,2025,50.32,2021,50.66,50.66,2023,,,,,,,,,,,,,,2,28.6,FALSE,TRUE,TRUE,FALSE,FALSE,FALSE,0
NL032,Middelburg,NL,Netherlands,,,,,,19.89,19.89,2023,,,,,,,,,,,,,,1,14.3,FALSE,FALSE,TRUE,FALSE,FALSE,FALSE,0
NL033,Nijmegen,NL,Netherlands,61.64,66.62,2025,56.66,2021,50.0,50.0,2023,90.86,99.45,2024,82.26,2024,,,,,,,,,3,42.9,TRUE,TRUE,TRUE,TRUE,FALSE,TRUE,0
NL035,Oss,NL,Netherlands,,60.41,2025,,,8.75,8.75,2023,,,,,,,,,,,,,,1,14.3,FALSE,FALSE,TRUE,FALSE,FALSE,FALSE,0
NL037,Rotterdam,NL,Netherlands,55.1,63.81,2025,46.39,2021,23.47,23.47,2023,85.42,95.94,2023,74.91,2023,59.38,2023,50.0,2023,71.25,2023,51.25,2023,7,100.0,TRUE,TRUE,TRUE,TRUE,TRUE,TRUE,4
NL038,Roosendaal,NL,Netherlands,57.72,58.05,2025,57.38,2021,15.52,15.52,2023,,,,,,,,,,,,,,2,28.6,FALSE,TRUE,TRUE,FALSE,FALSE,FALSE,0
NL039,Sittard-Geleen,NL,Netherlands,77.07,60.56,2025,93.58,2021,20.95,20.95,2023,,,,,,,,,,,,,,2,28.6,FALSE,TRUE,TRUE,FALSE,FALSE,FALSE,0
NL040,Soest,NL,Netherlands,,50.81,2025,,,31.43,31.43,2023,,,,,,,,,,,,,,1,14.3,FALSE,FALSE,TRUE,FALSE,FALSE,FALSE,0
NL041,Tilburg,NL,Netherlands,49.3,53.18,2025,45.43,2021,32.36,32.36,2023,92.02,97.05,2024,86.98,2024,,,,,,,,,3,42.9,TRUE,TRUE,TRUE,TRUE,FALSE,TRUE,0
NL042,Utrecht,NL,Netherlands,45.03,56.28,2025,33.79,2021,51.86,51.86,2023,91.13,100.0,2023,82.26,2023,,,,,,,,,3,42.9,TRUE,TRUE,TRUE,TRUE,FALSE,TRUE,0
NL043,Veenendaal,NL,Netherlands,44.8,51.4,2025,38.2,2021,27.45,27.45,2023,,,,,,,,,,,,,,2,28.6,FALSE,TRUE,TRUE,FALSE,FALSE,FALSE,0
NL044,Venlo,NL,Netherlands,72.61,46.82,2025,98.39,2021,12.07,12.07,2023,,,,,,,,,,,,,,2,28.6,FALSE,TRUE,TRUE,FALSE,FALSE,FALSE,0
NL047,Zwolle,NL,Netherlands,52.84,40.92,2025,64.77,2021,16.18,16.18,2023,91.14,98.71,2024,83.58,2024,,,,,,,,,3,42.9,TRUE,TRUE,TRUE,TRUE,FALSE,TRUE,0
NO001,Oslo,NO,Norway,72.25,84.64,2025,59.87,2021,63.0,63.0,2023,80.88,88.19,2023,73.58,2023,86.25,2023,92.5,2023,78.75,2023,31.87,2023,7,100.0,TRUE,TRUE,TRUE,TRUE,TRUE,TRUE,4
NO002,Bergen,NO,Norway,97.73,96.9,2025,98.56,2021,56.76,56.76,2023,90.36,93.73,2024,86.98,2024,,,,,,,,,3,42.9,TRUE,TRUE,TRUE,TRUE,FALSE,TRUE,0
NO003,Trondheim,NO,Norway,90.67,99.41,2025,81.94,2021,58.89,58.89,2023,80.37,84.32,2024,76.42,2024,,,,,,,,,3,42.9,TRUE,TRUE,TRUE,TRUE,FALSE,TRUE,0
NO004,Stavanger,NO,Norway,87.7,96.6,2025,78.81,2021,54.11,54.11,2023,73.78,82.66,2024,64.91,2024,,,,,,,,,3,42.9,TRUE,TRUE,TRUE,TRUE,FALSE,TRUE,0
PL001,Warszawa,PL,Poland,26.19,14.18,2025,38.2,2021,15.12,15.12,2023,93.02,91.88,2024,94.15,2024,71.25,2023,17.5,2023,69.38,2023,25.0,2023,7,100.0,TRUE,TRUE,TRUE,TRUE,TRUE,TRUE,4
PL002,Łódź,PL,Poland,32.45,10.34,2025,54.57,2021,,,,67.03,53.69,2024,80.38,2024,,,,,,,,,2,28.6,TRUE,TRUE,FALSE,TRUE,FALSE,FALSE,0
PL003,Kraków,PL,Poland,33.49,7.83,2025,59.15,2021,6.9,6.9,2023,70.97,47.79,2024,94.15,2024,73.75,2023,32.5,2023,72.5,2023,41.25,2023,7,100.0,TRUE,TRUE,TRUE,TRUE,TRUE,TRUE,4
PL004,Wrocław,PL,Poland,37.1,9.9,2025,64.29,2021,15.92,15.92,2023,76.94,70.3,2024,83.58,2024,,,,,,,,,3,42.9,TRUE,TRUE,TRUE,TRUE,FALSE,TRUE,0
PL005,Poznań,PL,Poland,45.61,12.41,2025,78.81,2021,16.98,16.98,2023,79.2,61.62,2024,96.79,2024,,,,,,,,,3,42.9,TRUE,TRUE,TRUE,TRUE,FALSE,TRUE,0
PL006,Gdańsk,PL,Poland,50.85,36.93,2025,64.77,2021,11.41,11.41,2023,81.34,64.94,2024,97.74,2024,80.0,2023,46.25,2023,55.0,2023,57.5,2023,7,100.0,TRUE,TRUE,TRUE,TRUE,TRUE,TRUE,4
PL007,Szczecin,PL,Poland,53.09,40.77,2025,65.41,2021,25.33,25.33,2023,74.27,56.64,2024,91.89,2024,,,,,,,,,3,42.9,TRUE,TRUE,TRUE,TRUE,FALSE,TRUE,0
PL008,Bydgoszcz,PL,Poland,38.4,18.61,2025,58.19,2021,9.81,9.81,2023,65.85,58.12,2024,73.58,2024,,,,,,,,,3,42.9,TRUE,TRUE,TRUE,TRUE,FALSE,TRUE,0
PL009,Lublin,PL,Poland,33.36,16.4,2025,50.32,2021,1.86,1.86,2023,65.88,46.86,2024,84.91,2024,,,,,,,,,3,42.9,TRUE,TRUE,TRUE,TRUE,FALSE,TRUE,0
PL010,Katowice,PL,Poland,48.27,2.95,2025,93.58,2021,,,,71.82,47.79,2024,95.85,2024,,,,,,,,,2,28.6,TRUE,TRUE,FALSE,TRUE,FALSE,FALSE,0
PL011,Białystok,PL,Poland,38.68,43.57,2025,33.79,2021,14.59,14.59,2023,70.72,52.58,2024,88.87,2024,93.75,2023,63.75,2023,65.62,2023,92.5,2023,7,100.0,TRUE,TRUE,TRUE,TRUE,TRUE,TRUE,4
PL012,Kielce,PL,Poland,40.02,15.51,2025,64.53,2021,,,,58.98,39.48,2024,78.49,2024,,,,,,,,,2,28.6,TRUE,TRUE,FALSE,TRUE,FALSE,FALSE,0
PL013,Toruń,PL,Poland,41.87,14.48,2025,69.26,2021,,,,65.85,58.12,2024,73.58,2024,,,,,,,,,2,28.6,TRUE,TRUE,FALSE,TRUE,FALSE,FALSE,0
PL014,Olsztyn,PL,Poland,38.63,30.87,2025,46.39,2021,10.61,10.61,2023,55.01,32.47,2024,77.55,2024,,,,,,,,,3,42.9,TRUE,TRUE,TRUE,TRUE,FALSE,TRUE,0
PL015,Rzeszów,PL,Poland,33.7,25.26,2025,42.13,2021,0.53,0.53,2023,51.62,23.99,2024,79.25,2024,,,,,,,,,3,42.9,TRUE,TRUE,TRUE,TRUE,FALSE,TRUE,0
PL016,Opole,PL,Poland,44.28,14.33,2025,74.24,2021,,,,,,,,,,,,,,,,,1,14.3,FALSE,TRUE,FALSE,FALSE,FALSE,FALSE,0
PL017,Gorzów Wielkopolski,PL,Poland,50.91,28.06,2025,73.76,2021,,,,,,,,,,,,,,,,,1,14.3,FALSE,TRUE,FALSE,FALSE,FALSE,FALSE,0
PL018,Zielona Góra,PL,Poland,,30.43,2025,,,,,,,,,,,,,,,,,,,0,0.0,FALSE,FALSE,FALSE,FALSE,FALSE,FALSE,0
PL019,Jelenia Góra,PL,Poland,56.29,21.57,2025,91.01,2021,,,,,,,,,,,,,,,,,1,14.3,FALSE,TRUE,FALSE,FALSE,FALSE,FALSE,0
PL020,Nowy Sącz,PL,Poland,44.2,13.44,2025,74.96,2021,,,,71.8,49.45,2024,94.15,2024,,,,,,,,,2,28.6,TRUE,TRUE,FALSE,TRUE,FALSE,FALSE,0
PL021,Suwałki,PL,Poland,,51.11,2025,,,,,,,,,,,,,,,,,,,0,0.0,FALSE,FALSE,FALSE,FALSE,FALSE,FALSE,0
PL022,Konin,PL,Poland,,6.5,2025,,,,,,,,,,,,,,,,,,,0,0.0,FALSE,FALSE,FALSE,FALSE,FALSE,FALSE,0
PL024,Częstochowa,PL,Poland,50.01,7.24,2025,92.78,2021,,,,71.82,47.79,2024,95.85,2024,,,,,,,,,2,28.6,TRUE,TRUE,FALSE,TRUE,FALSE,FALSE,0
PL025,Radom,PL,Poland,38.52,14.92,2025,62.12,2021,17.24,17.24,2023,66.59,50.92,2024,82.26,2024,,,,,,,,,3,42.9,TRUE,TRUE,TRUE,TRUE,FALSE,TRUE,0
PL026,Płock,PL,Poland,41.58,15.81,2025,67.34,2021,2.39,2.39,2023,,,,,,,,,,,,,,2,28.6,FALSE,TRUE,TRUE,FALSE,FALSE,FALSE,0
PL027,Kalisz,PL,Poland,33.05,11.52,2025,54.57,2021,,,,,,,,,,,,,,,,,1,14.3,FALSE,TRUE,FALSE,FALSE,FALSE,FALSE,0
PL028,Koszalin,PL,Poland,47.92,33.09,2025,62.76,2021,,,,,,,,,,,,,,,,,1,14.3,FALSE,TRUE,FALSE,FALSE,FALSE,FALSE,0
PL029,Słupsk,PL,Poland,,52.58,2025,,,,,,,,,,,,,,,,,,,0,0.0,FALSE,FALSE,FALSE,FALSE,FALSE,FALSE,0
PL030,Jastrzębie-Zdrój,PL,Poland,,8.27,2025,,,,,,,,,,,,,,,,,,,0,0.0,FALSE,FALSE,FALSE,FALSE,FALSE,FALSE,0
PL031,Siedlce,PL,Poland,,24.82,2025,,,,,,,,,,,,,,,,,,,0,0.0,FALSE,FALSE,FALSE,FALSE,FALSE,FALSE,0
PL032,Piotrków Trybunalski,PL,Poland,,7.98,2025,,,,,,,,,,,,,,,,,,,0,0.0,FALSE,FALSE,FALSE,FALSE,FALSE,FALSE,0
PL033,Lubin,PL,Poland,25.47,9.45,2025,41.49,2021,,,,,,,,,,,,,,,,,1,14.3,FALSE,TRUE,FALSE,FALSE,FALSE,FALSE,0
PL034,Piła,PL,Poland,46.88,21.86,2025,71.91,2021,,,,,,,,,,,,,,,,,1,14.3,FALSE,TRUE,FALSE,FALSE,FALSE,FALSE,0
PL035,Inowrocław,PL,Poland,26.6,14.03,2025,39.17,2021,,,,,,,,,,,,,,,,,1,14.3,FALSE,TRUE,FALSE,FALSE,FALSE,FALSE,0
PL036,Ostrowiec Świętokrzyski,PL,Poland,,,,97.67,2021,,,,,,,,,,,,,,,,,0,0.0,FALSE,FALSE,FALSE,FALSE,FALSE,FALSE,0
PL037,Gniezno,PL,Poland,39.65,6.35,2025,72.95,2021,,,,,,,,,,,,,,,,,1,14.3,FALSE,TRUE,FALSE,FALSE,FALSE,FALSE,0
PL038,Stargard,PL,Poland,,28.51,2025,,,,,,,,,,,,,,,,,,,0,0.0,FALSE,FALSE,FALSE,FALSE,FALSE,FALSE,0
PL039,Ostrów Wielkopolski,PL,Poland,31.71,8.86,2025,54.57,2021,,,,,,,,,,,,,,,,,1,14.3,FALSE,TRUE,FALSE,FALSE,FALSE,FALSE,0
PL040,Przemyśl,PL,Poland,,,,,,2.65,2.65,2023,,,,,,,,,,,,,,1,14.3,FALSE,FALSE,TRUE,FALSE,FALSE,FALSE,0
PL041,Zamość,PL,Poland,,50.37,2025,,,,,,,,,,,,,,,,,,,0,0.0,FALSE,FALSE,FALSE,FALSE,FALSE,FALSE,0
PL042,Chełm,PL,Poland,53.19,31.02,2025,75.36,2021,,,,,,,,,,,,,,,,,1,14.3,FALSE,TRUE,FALSE,FALSE,FALSE,FALSE,0
PL043,Pabianice,PL,Poland,,,,66.53,2021,,,,,,,,,,,,,,,,,0,0.0,FALSE,FALSE,FALSE,FALSE,FALSE,FALSE,0
PL044,Głogów,PL,Poland,,10.78,2025,,,,,,,,,,,,,,,,,,,0,0.0,FALSE,FALSE,FALSE,FALSE,FALSE,FALSE,0
PL045,Stalowa Wola,PL,Poland,,,,,,,,,,,,,,,,,,,,,,0,0.0,FALSE,FALSE,FALSE,FALSE,FALSE,FALSE,0
PL046,Tomaszów Mazowiecki,PL,Poland,,,,74.64,2021,,,,,,,,,,,,,,,,,0,0.0,FALSE,FALSE,FALSE,FALSE,FALSE,FALSE,0
PL047,Łomża,PL,Poland,,30.72,2025,,,9.02,9.02,2023,,,,,,,,,,,,,,1,14.3,FALSE,FALSE,TRUE,FALSE,FALSE,FALSE,0
PL048,Leszno,PL,Poland,,,,29.05,2021,,,,,,,,,,,,,,,,,0,0.0,FALSE,FALSE,FALSE,FALSE,FALSE,FALSE,0
PL049,Świdnica,PL,Poland,,,,48.96,2021,,,,,,,,,,,,,,,,,0,0.0,FALSE,FALSE,FALSE,FALSE,FALSE,FALSE,0
PL051,Tczew,PL,Poland,35.7,18.76,2025,52.65,2021,,,,,,,,,,,,,,,,,1,14.3,FALSE,TRUE,FALSE,FALSE,FALSE,FALSE,0
PL052,Ełk,PL,Poland,32.73,37.37,2025,28.09,2021,,,,,,,,,,,,,,,,,1,14.3,FALSE,TRUE,FALSE,FALSE,FALSE,FALSE,0
PL058,Bielsko-Biała,PL,Poland,50.16,7.39,2025,92.94,2021,,,,71.82,47.79,2024,95.85,2024,,,,,,,,,2,28.6,TRUE,TRUE,FALSE,TRUE,FALSE,FALSE,0
PL060,Rybnik,PL,Poland,52.07,5.02,2025,99.12,2021,83.29,83.29,2023,,,,,,,,,,,,,,2,28.6,FALSE,TRUE,TRUE,FALSE,FALSE,FALSE,0
PL062,Wałbrzych,PL,Poland,55.09,10.49,2025,99.68,2021,,,,,,,,,,,,,,,,,1,14.3,FALSE,TRUE,FALSE,FALSE,FALSE,FALSE,0
PL063,Elbląg,PL,Poland,64.62,29.25,2025,100.0,2021,,,,,,,,,,,,,,,,,1,14.3,FALSE,TRUE,FALSE,FALSE,FALSE,FALSE,0
PL064,Włocławek,PL,Poland,57.97,16.1,2025,99.84,2021,,,,,,,,,,,,,,,,,1,14.3,FALSE,TRUE,FALSE,FALSE,FALSE,FALSE,0
PL065,Tarnów,PL,Poland,,11.82,2025,,,,,,71.8,49.45,2024,94.15,2024,,,,,,,,,1,14.3,FALSE,FALSE,FALSE,TRUE,FALSE,FALSE,0
PL067,Legnica,PL,Poland,30.91,9.16,2025,52.65,2021,,,,,,,,,,,,,,,,,1,14.3,FALSE,TRUE,FALSE,FALSE,FALSE,FALSE,0
PL068,Grudziądz,PL,Poland,,19.79,2025,,,,,,,,,,,,,,,,,,,0,0.0,FALSE,FALSE,FALSE,FALSE,FALSE,FALSE,0
PT001,Lisboa,PT,Portugal,36.16,53.77,2025,18.54,2021,,,,50.76,66.05,2023,35.47,2023,41.25,2023,37.5,2023,18.75,2023,13.75,2023,6,85.7,TRUE,TRUE,FALSE,TRUE,FALSE,FALSE,4
PT002,Porto,PT,Portugal,41.48,35.6,2025,47.35,2021,,,,52.44,59.78,2024,45.09,2024,,,,,,,,,2,28.6,TRUE,TRUE,FALSE,TRUE,FALSE,FALSE,0
PT003,Braga,PT,Portugal,28.99,33.83,2025,24.16,2021,,,,,,,,,91.25,2023,78.75,2023,35.0,2023,83.75,2023,5,71.4,FALSE,TRUE,FALSE,FALSE,FALSE,FALSE,4
PT004,Funchal,PT,Portugal,67.3,95.42,2025,39.17,2021,6.63,6.63,2023,,,,,,,,,,,,,,2,28.6,TRUE,TRUE,TRUE,FALSE,FALSE,FALSE,0
PT005,Coimbra,PT,Portugal,51.75,42.25,2025,61.24,2021,,,,65.72,69.37,2023,62.08,2023,,,,,,,,,2,28.6,TRUE,TRUE,FALSE,TRUE,FALSE,FALSE,0
PT007,Ponta Delgada,PT,Portugal,,11.96,2025,,,,,,,,,,,,,,,,,,,0,0.0,FALSE,FALSE,FALSE,FALSE,FALSE,FALSE,0
PT008,Aveiro,PT,Portugal,,32.2,2025,,,,,,,,,,,,,,,,,,,0,0.0,FALSE,FALSE,FALSE,FALSE,FALSE,FALSE,0
PT009,Faro,PT,Portugal,,94.68,2025,,,,,,,,,,,,,,,,,,,0,0.0,FALSE,FALSE,FALSE,FALSE,FALSE,FALSE,0
PT010,Viseu,PT,Portugal,,49.04,2025,,,,,,,,,,,,,,,,,,,0,0.0,FALSE,FALSE,FALSE,FALSE,FALSE,FALSE,0
PT011,Viana do Castelo,PT,Portugal,,74.74,2025,,,,,,,,,,,,,,,,,,,0,0.0,FALSE,FALSE,FALSE,FALSE,FALSE,FALSE,0
PT013,Póvoa de Varzim,PT,Portugal,68.98,40.62,2025,97.35,2021,,,,,,,,,,,,,,,,,1,14.3,FALSE,TRUE,FALSE,FALSE,FALSE,FALSE,0
PT015,Guimarães,PT,Portugal,,31.76,2025,,,,,,,,,,,,,,,,,,,0,0.0,FALSE,FALSE,FALSE,FALSE,FALSE,FALSE,0
RO001,Bucureşti,RO,Romania,14.44,25.11,2025,3.77,2021,,,,91.03,84.32,2024,97.74,2024,17.5,2023,13.75,2023,14.37,2023,71.25,2023,6,85.7,TRUE,TRUE,FALSE,TRUE,FALSE,FALSE,4
RO002,Cluj-Napoca,RO,Romania,23.56,27.62,2025,19.5,2021,,,,46.8,24.72,2024,68.87,2024,77.5,2023,72.5,2023,52.5,2023,53.75,2023,6,85.7,TRUE,TRUE,FALSE,TRUE,FALSE,FALSE,4
RO003,Timişoara,RO,Romania,13.88,11.23,2025,16.53,2021,,,,52.7,20.48,2024,84.91,2024,,,,,,,,,2,28.6,TRUE,TRUE,FALSE,TRUE,FALSE,FALSE,0
RO004,Craiova,RO,Romania,14.65,16.54,2025,12.76,2021,,,,20.62,11.62,2024,29.62,2024,,,,,,,,,2,28.6,TRUE,TRUE,FALSE,TRUE,FALSE,FALSE,0
RO005,Brăila,RO,Romania,12.42,18.17,2025,6.66,2021,,,,,,,,,,,,,,,,,1,14.3,FALSE,TRUE,FALSE,FALSE,FALSE,FALSE,0
RO006,Oradea,RO,Romania,18.78,14.77,2025,22.79,2021,,,,,,,,,,,,,,,,,1,14.3,FALSE,TRUE,FALSE,FALSE,FALSE,FALSE,0
RO007,Bacău,RO,Romania,22.63,10.04,2025,35.23,2021,,,,,,,,,,,,,,,,,1,14.3,FALSE,TRUE,FALSE,FALSE,FALSE,FALSE,0
RO008,Arad,RO,Romania,28.34,12.85,2025,43.82,2021,,,,,,,,,,,,,,,,,1,14.3,FALSE,TRUE,FALSE,FALSE,FALSE,FALSE,0
RO009,Sibiu,RO,Romania,13.79,20.53,2025,7.06,2021,,,,,,,,,,,,,,,,,1,14.3,FALSE,TRUE,FALSE,FALSE,FALSE,FALSE,0
RO010,Târgu Mureş,RO,Romania,18.42,10.19,2025,26.65,2021,,,,,,,,,,,,,,,,,1,14.3,FALSE,TRUE,FALSE,FALSE,FALSE,FALSE,0
RO011,Piatra Neamţ,RO,Romania,42.8,21.71,2025,63.88,2021,,,,,,,,,56.25,2023,51.88,2023,11.88,2023,94.38,2023,5,71.4,FALSE,TRUE,FALSE,FALSE,FALSE,FALSE,4
RO012,Cǎlǎraşi,RO,Romania,14.29,18.46,2025,10.11,2021,,,,,,,,,,,,,,,,,1,14.3,FALSE,TRUE,FALSE,FALSE,FALSE,FALSE,0
RO013,Giurgiu,RO,Romania,,,,77.37,2021,,,,,,,,,,,,,,,,,0,0.0,FALSE,FALSE,FALSE,FALSE,FALSE,FALSE,0
RO014,Alba Iulia,RO,Romania,,,,,,,,,,,,,,,,,,,,,,0,0.0,FALSE,FALSE,FALSE,FALSE,FALSE,FALSE,0
RO015,Focşani,RO,Romania,19.27,17.43,2025,21.11,2021,,,,,,,,,,,,,,,,,1,14.3,FALSE,TRUE,FALSE,FALSE,FALSE,FALSE,0
RO016,Târgu Jiu,RO,Romania,,13.74,2025,,,,,,,,,,,,,,,,,,,0,0.0,FALSE,FALSE,FALSE,FALSE,FALSE,FALSE,0
RO017,Tulcea,RO,Romania,33.8,29.39,2025,38.2,2021,,,,,,,,,,,,,,,,,1,14.3,FALSE,TRUE,FALSE,FALSE,FALSE,FALSE,0
RO018,Târgovişte,RO,Romania,19.62,15.07,2025,24.16,2021,,,,,,,,,,,,,,,,,1,14.3,FALSE,TRUE,FALSE,FALSE,FALSE,FALSE,0
RO019,Slatina,RO,Romania,24.52,8.42,2025,40.61,2021,,,,,,,,,,,,,,,,,1,14.3,FALSE,TRUE,FALSE,FALSE,FALSE,FALSE,0
RO020,Bârlad,RO,Romania,,,,,,,,,,,,,,,,,,,,,,0,0.0,FALSE,FALSE,FALSE,FALSE,FALSE,FALSE,0
RO021,Roman,RO,Romania,,,,,,,,,,,,,,,,,,,,,,0,0.0,FALSE,FALSE,FALSE,FALSE,FALSE,FALSE,0
RO022,Bistriţa,RO,Romania,,18.02,2025,,,,,,,,,,,,,,,,,,,0,0.0,FALSE,FALSE,FALSE,FALSE,FALSE,FALSE,0
RO023,Constanţa,RO,Romania,15.75,26.29,2025,5.22,2021,,,,10.93,9.04,2024,12.83,2024,,,,,,,,,2,28.6,TRUE,TRUE,FALSE,TRUE,FALSE,FALSE,0
RO024,Iaşi,RO,Romania,29.45,33.38,2025,25.52,2021,,,,40.2,15.5,2024,64.91,2024,,,,,,,,,2,28.6,TRUE,TRUE,FALSE,TRUE,FALSE,FALSE,0
RO025,Galaţi,RO,Romania,20.0,18.32,2025,21.67,2021,,,,10.93,9.04,2024,12.83,2024,,,,,,,,,2,28.6,TRUE,TRUE,FALSE,TRUE,FALSE,FALSE,0
RO026,Braşov,RO,Romania,21.98,18.91,2025,25.04,2021,,,,45.17,18.08,2024,72.26,2024,,,,,,,,,2,28.6,TRUE,TRUE,FALSE,TRUE,FALSE,FALSE,0
RO027,Ploieşti,RO,Romania,13.12,13.0,2025,13.24,2021,,,,28.56,18.45,2024,38.68,2024,,,,,,,,,2,28.6,TRUE,TRUE,FALSE,TRUE,FALSE,FALSE,0
RO028,Piteşti,RO,Romania,15.49,9.31,2025,21.67,2021,,,,,,,,,,,,,,,,,1,14.3,FALSE,TRUE,FALSE,FALSE,FALSE,FALSE,0
RO029,Baia Mare,RO,Romania,21.29,11.37,2025,31.22,2021,,,,,,,,,,,,,,,,,1,14.3,FALSE,TRUE,FALSE,FALSE,FALSE,FALSE,0
RO030,Buzău,RO,Romania,15.73,20.38,2025,11.08,2021,,,,,,,,,,,,,,,,,1,14.3,FALSE,TRUE,FALSE,FALSE,FALSE,FALSE,0
RO031,Satu Mare,RO,Romania,17.23,11.67,2025,22.79,2021,,,,,,,,,,,,,,,,,1,14.3,FALSE,TRUE,FALSE,FALSE,FALSE,FALSE,0
RO032,Botoşani,RO,Romania,15.88,10.64,2025,21.11,2021,,,,,,,,,,,,,,,,,1,14.3,FALSE,TRUE,FALSE,FALSE,FALSE,FALSE,0
RO033,Râmnicu Vâlcea,RO,Romania,,20.09,2025,,,,,,,,,,,,,,,,,,,0,0.0,FALSE,FALSE,FALSE,FALSE,FALSE,FALSE,0
RO034,Suceava,RO,Romania,,,,32.5,2021,,,,,,,,,,,,,,,,,0,0.0,FALSE,FALSE,FALSE,FALSE,FALSE,FALSE,0
RO035,Drobeta-Turnu Severin,RO,Romania,13.2,17.58,2025,8.83,2021,,,,,,,,,,,,,,,,,1,14.3,FALSE,TRUE,FALSE,FALSE,FALSE,FALSE,0
SE001,Stockholm,SE,Sweden,78.48,96.45,2025,60.51,2021,68.17,68.17,2023,55.53,86.16,2024,24.91,2024,87.5,2023,88.75,2023,93.75,2023,6.25,2023,7,100.0,TRUE,TRUE,TRUE,TRUE,TRUE,TRUE,4
SE002,Göteborg,SE,Sweden,86.62,95.86,2025,77.37,2021,50.0,50.0,2023,50.9,79.34,2024,22.45,2024,,,,,,,,,3,42.9,TRUE,TRUE,TRUE,TRUE,FALSE,TRUE,0
SE003,Malmö,SE,Sweden,53.46,81.24,2025,25.68,2021,39.39,39.39,2023,43.87,74.91,2024,12.83,2024,64.38,2023,68.75,2023,91.25,2023,60.0,2023,7,100.0,TRUE,TRUE,TRUE,TRUE,TRUE,TRUE,4
SE004,Jönköping,SE,Sweden,,,,,,26.39,26.39,2023,,,,,,,,,,,,,,1,14.3,FALSE,FALSE,TRUE,FALSE,FALSE,FALSE,0
SE005,Umeå,SE,Sweden,,99.7,2025,,,27.45,27.45,2023,,,,,,,,,,,,,,1,14.3,FALSE,FALSE,TRUE,FALSE,FALSE,FALSE,0
SE006,Uppsala,SE,Sweden,75.73,99.85,2025,51.61,2021,32.36,32.36,2023,45.0,74.91,2024,15.09,2024,,,,,,,,,3,42.9,TRUE,TRUE,TRUE,TRUE,FALSE,TRUE,0
SE007,Linköping,SE,Sweden,89.4,98.38,2025,80.42,2021,19.1,19.1,2023,,,,,,,,,,,,,,2,28.6,TRUE,TRUE,TRUE,FALSE,FALSE,FALSE,0
SE008,Örebro,SE,Sweden,83.89,98.52,2025,69.26,2021,21.88,21.88,2023,,,,,,,,,,,,,,2,28.6,TRUE,TRUE,TRUE,FALSE,FALSE,FALSE,0
SE010,Västerås,SE,Sweden,88.6,99.11,2025,78.09,2021,29.84,29.84,2023,,,,,,,,,,,,,,2,28.6,FALSE,TRUE,TRUE,FALSE,FALSE,FALSE,0
SE011,Norrköping,SE,Sweden,85.2,98.97,2025,71.43,2021,13.0,13.0,2023,,,,,,,,,,,,,,2,28.6,FALSE,TRUE,TRUE,FALSE,FALSE,FALSE,0
SE012,Helsingborg,SE,Sweden,80.84,89.36,2025,72.31,2021,27.45,27.45,2023,,,,,,,,,,,,,,2,28.6,FALSE,TRUE,TRUE,FALSE,FALSE,FALSE,0
SE014,Borås,SE,Sweden,,97.19,2025,,,37.8,37.8,2023,,,,,,,,,,,,,,1,14.3,FALSE,FALSE,TRUE,FALSE,FALSE,FALSE,0
SI001,Osrednjeslovenska,SI,Slovenia,50.66,28.36,2025,72.95,2021,1.33,1.33,2023,72.72,67.9,2022,77.55,2022,97.5,2023,38.75,2023,60.0,2023,36.25,2023,7,100.0,TRUE,TRUE,TRUE,TRUE,TRUE,TRUE,4
SI002,Podravska,SI,Slovenia,29.89,27.92,2025,31.86,2021,,,,56.42,49.45,2022,63.4,2022,,,,,,,,,2,28.6,TRUE,TRUE,FALSE,TRUE,FALSE,FALSE,0
SK001,Bratislava,SK,Slovakia,51.88,41.65,2025,62.12,2021,,,,92.95,89.11,2024,96.79,2024,28.75,2023,7.5,2023,41.25,2023,12.5,2023,6,85.7,TRUE,TRUE,FALSE,TRUE,FALSE,FALSE,4
SK002,Košice,SK,Slovakia,38.42,37.67,2025,39.17,2021,,,,26.17,29.89,2024,22.45,2024,25.0,2023,12.5,2023,41.25,2023,26.25,2023,6,85.7,TRUE,TRUE,FALSE,TRUE,FALSE,FALSE,4
SK003,Banská Bystrica,SK,Slovakia,81.79,75.63,2025,87.96,2021,,,,,,,,,,,,,,,,,1,14.3,FALSE,TRUE,FALSE,FALSE,FALSE,FALSE,0
SK004,Nitra,SK,Slovakia,,55.83,2025,,,,,,,,,,,,,,,,,,,0,0.0,FALSE,FALSE,FALSE,FALSE,FALSE,FALSE,0
SK005,Prešov,SK,Slovakia,48.56,48.89,2025,48.23,2021,,,,,,,,,,,,,,,,,1,14.3,FALSE,TRUE,FALSE,FALSE,FALSE,FALSE,0
SK006,Žilina,SK,Slovakia,35.22,28.95,2025,41.49,2021,,,,,,,,,,,,,,,,,1,14.3,FALSE,TRUE,FALSE,FALSE,FALSE,FALSE,0
SK007,Trnava,SK,Slovakia,,,,17.26,2021,,,,,,,,,,,,,,,,,0,0.0,FALSE,FALSE,FALSE,FALSE,FALSE,FALSE,0
SK008,Trenčín,SK,Slovakia,,41.21,2025,,,,,,,,,,,,,,,,,,,0,0.0,FALSE,FALSE,FALSE,FALSE,FALSE,FALSE,0
TR001,Ankara,TR,Turkey,1.9,0.59,2025,3.21,2021,,,,10.48,7.01,2024,13.96,2024,53.75,2023,35.0,2023,16.88,2023,61.25,2023,6,85.7,TRUE,TRUE,FALSE,TRUE,FALSE,FALSE,4
TR002,Adana,TR,Turkey,3.31,3.25,2025,3.37,2021,,,,10.5,5.9,2024,15.09,2024,,,,,,,,,2,28.6,TRUE,TRUE,FALSE,TRUE,FALSE,FALSE,0
TR003,Antalya,TR,Turkey,14.04,12.26,2025,15.81,2021,,,,35.03,13.28,2024,56.79,2024,83.12,2023,22.5,2023,22.5,2023,81.25,2023,6,85.7,TRUE,TRUE,FALSE,TRUE,FALSE,FALSE,4
TR004,Balikesir,TR,Turkey,3.48,4.87,2025,2.09,2021,,,,31.58,10.52,2024,52.64,2024,,,,,,,,,2,28.6,TRUE,TRUE,FALSE,TRUE,FALSE,FALSE,0
TR005,Bursa,TR,Turkey,1.08,1.03,2025,1.12,2021,,,,13.5,8.12,2024,18.87,2024,,,,,,,,,2,28.6,TRUE,TRUE,FALSE,TRUE,FALSE,FALSE,0
TR006,Denizli,TR,Turkey,8.59,8.12,2025,9.07,2021,,,,17.9,10.52,2024,25.28,2024,,,,,,,,,2,28.6,TRUE,TRUE,FALSE,TRUE,FALSE,FALSE,0
TR007,Diyarbakir,TR,Turkey,2.73,2.81,2025,2.65,2021,,,,7.63,0.92,2024,14.34,2024,59.38,2023,82.5,2023,7.5,2023,88.75,2023,6,85.7,TRUE,TRUE,FALSE,TRUE,FALSE,FALSE,4
TR008,Edirne,TR,Turkey,14.18,26.59,2025,1.77,2021,,,,,,,,,,,,,,,,,1,14.3,FALSE,TRUE,FALSE,FALSE,FALSE,FALSE,0
TR009,Erzurum,TR,Turkey,20.73,27.18,2025,14.29,2021,,,,24.76,4.43,2024,45.09,2024,,,,,,,,,2,28.6,TRUE,TRUE,FALSE,TRUE,FALSE,FALSE,0
TR010,Gaziantep,TR,Turkey,1.35,2.07,2025,0.64,2021,,,,5.82,2.21,2024,9.43,2024,,,,,,,,,2,28.6,TRUE,TRUE,FALSE,TRUE,FALSE,FALSE,0
TR011,Hatay,TR,Turkey,8.32,3.4,2025,13.24,2021,,,,5.71,3.87,2024,7.55,2024,,,,,,,,,2,28.6,TRUE,TRUE,FALSE,TRUE,FALSE,FALSE,0
TR012,Istanbul,TR,Turkey,0.55,0.3,2025,0.8,2021,,,,15.74,9.96,2024,21.51,2024,7.5,2023,1.25,2023,3.75,2023,3.75,2023,6,85.7,TRUE,TRUE,FALSE,TRUE,FALSE,FALSE,4
TR013,Izmir,TR,Turkey,2.58,0.74,2025,4.41,2021,85.68,85.68,2023,9.13,9.59,2024,8.68,2024,,,,,,,,,3,42.9,TRUE,TRUE,TRUE,TRUE,FALSE,TRUE,0
TR014,Kars,TR,Turkey,26.5,32.94,2025,20.06,2021,,,,,,,,,,,,,,,,,1,14.3,FALSE,TRUE,FALSE,FALSE,FALSE,FALSE,0
TR015,Kastamonu,TR,Turkey,25.12,22.16,2025,28.09,2021,,,,,,,,,,,,,,,,,1,14.3,FALSE,TRUE,FALSE,FALSE,FALSE,FALSE,0
TR016,Kayseri,TR,Turkey,5.8,6.79,2025,4.82,2021,,,,9.48,3.87,2024,15.09,2024,,,,,,,,,2,28.6,TRUE,TRUE,FALSE,TRUE,FALSE,FALSE,0
TR017,Kocaeli,TR,Turkey,11.22,1.33,2025,21.11,2021,49.34,49.34,2023,16.76,11.07,2024,22.45,2024,,,,,,,,,3,42.9,TRUE,TRUE,TRUE,TRUE,FALSE,TRUE,0
TR018,Konya,TR,Turkey,10.2,14.62,2025,5.78,2021,,,,17.11,5.54,2024,28.68,2024,,,,,,,,,2,28.6,TRUE,TRUE,FALSE,TRUE,FALSE,FALSE,0
TR019,Malatya,TR,Turkey,4.17,4.58,2025,3.77,2021,,,,27.98,3.32,2024,52.64,2024,,,,,,,,,2,28.6,TRUE,TRUE,FALSE,TRUE,FALSE,FALSE,0
TR020,Manisa,TR,Turkey,2.35,3.1,2025,1.61,2021,,,,26.79,8.49,2024,45.09,2024,,,,,,,,,2,28.6,TRUE,TRUE,FALSE,TRUE,FALSE,FALSE,0
TR021,Nevsehir,TR,Turkey,12.18,13.29,2025,11.08,2021,,,,,,,,,,,,,,,,,1,14.3,FALSE,TRUE,FALSE,FALSE,FALSE,FALSE,0
TR022,Samsun,TR,Turkey,3.37,5.61,2025,1.12,2021,,,,22.1,6.46,2024,37.74,2024,,,,,,,,,2,28.6,TRUE,TRUE,FALSE,TRUE,FALSE,FALSE,0
TR023,Siirt,TR,Turkey,3.91,5.17,2025,2.65,2021,,,,,,,,,,,,,,,,,1,14.3,FALSE,TRUE,FALSE,FALSE,FALSE,FALSE,0
TR024,Trabzon,TR,Turkey,14.45,20.24,2025,8.67,2021,,,,15.86,7.75,2024,23.96,2024,,,,,,,,,2,28.6,TRUE,TRUE,FALSE,TRUE,FALSE,FALSE,0
TR025,Van,TR,Turkey,5.75,7.09,2025,4.41,2021,,,,1.31,0.37,2024,2.26,2024,,,,,,,,,2,28.6,TRUE,TRUE,FALSE,TRUE,FALSE,FALSE,0
TR026,Zonguldak,TR,Turkey,32.24,2.36,2025,62.12,2021,,,,,,,,,,,,,,,,,1,14.3,FALSE,TRUE,FALSE,FALSE,FALSE,FALSE,0
UK001,London,UK,United Kingdom,42.13,62.04,2025,22.23,2021,93.5,93.5,2023,,,,,,20.0,2023,42.5,2023,38.12,2023,28.75,2023,6,85.7,TRUE,TRUE,TRUE,FALSE,FALSE,FALSE,4
UK002,West Midlands urban area,UK,United Kingdom,53.44,59.53,2025,47.35,2021,81.7,81.7,2023,,,,,,,,,,,,,,2,28.6,TRUE,TRUE,TRUE,FALSE,FALSE,FALSE,0
UK003,Leeds,UK,United Kingdom,80.3,80.65,2025,79.94,2021,81.7,81.7,2023,,,,,,,,,,,,,,2,28.6,TRUE,TRUE,TRUE,FALSE,FALSE,FALSE,0
UK004,Glasgow,UK,United Kingdom,81.12,95.72,2025,66.53,2021,88.99,88.99,2023,,,,,,45.0,2023,86.25,2023,45.0,2023,72.5,2023,6,85.7,TRUE,TRUE,TRUE,FALSE,FALSE,FALSE,4
UK006,Liverpool,UK,United Kingdom,58.06,76.96,2025,39.17,2021,96.95,96.95,2023,,,,,,,,,,,,,,2,28.6,TRUE,TRUE,TRUE,FALSE,FALSE,FALSE,0
UK007,Edinburgh,UK,United Kingdom,63.77,92.32,2025,35.23,2021,93.5,93.5,2023,,,,,,,,,,,,,,2,28.6,TRUE,TRUE,TRUE,FALSE,FALSE,FALSE,0
UK008,Manchester,UK,United Kingdom,65.8,64.25,2025,67.34,2021,93.5,93.5,2023,,,,,,23.75,2023,43.75,2023,51.25,2023,70.0,2023,6,85.7,TRUE,TRUE,TRUE,FALSE,FALSE,FALSE,4
UK009,Cardiff,UK,United Kingdom,61.34,77.25,2025,45.43,2021,74.27,74.27,2023,,,,,,51.25,2023,70.0,2023,85.62,2023,76.25,2023,6,85.7,TRUE,TRUE,TRUE,FALSE,FALSE,FALSE,4
UK010,Sheffield,UK,United Kingdom,73.92,72.08,2025,75.76,2021,95.89,95.89,2023,,,,,,,,,,,,,,2,28.6,TRUE,TRUE,TRUE,FALSE,FALSE,FALSE,0
UK011,Bristol,UK,United Kingdom,57.79,79.62,2025,35.96,2021,80.37,80.37,2023,,,,,,,,,,,,,,2,28.6,TRUE,TRUE,TRUE,FALSE,FALSE,FALSE,0
UK012,Belfast,UK,United Kingdom,80.0,93.94,2025,66.05,2021,,,,,,,,,38.75,2023,71.25,2023,43.75,2023,91.25,2023,5,71.4,FALSE,TRUE,FALSE,FALSE,FALSE,FALSE,4
UK013,Newcastle upon Tyne,UK,United Kingdom,67.89,93.65,2025,42.13,2021,68.17,68.17,2023,,,,,,50.0,2023,77.5,2023,88.12,2023,97.5,2023,6,85.7,TRUE,TRUE,TRUE,FALSE,FALSE,FALSE,4
UK014,Leicester,UK,United Kingdom,58.3,83.6,2025,32.99,2021,38.73,38.73,2023,,,,,,,,,,,,,,2,28.6,TRUE,TRUE,TRUE,FALSE,FALSE,FALSE,0
UK016,Aberdeen,UK,United Kingdom,70.11,97.05,2025,43.18,2021,25.86,25.86,2023,,,,,,,,,,,,,,2,28.6,TRUE,TRUE,TRUE,FALSE,FALSE,FALSE,0
UK017,Cambridge,UK,United Kingdom,62.12,77.84,2025,46.39,2021,39.39,39.39,2023,,,,,,,,,,,,,,2,28.6,TRUE,TRUE,TRUE,FALSE,FALSE,FALSE,0
UK018,Exeter,UK,United Kingdom,65.59,75.48,2025,55.7,2021,35.68,35.68,2023,,,,,,,,,,,,,,2,28.6,TRUE,TRUE,TRUE,FALSE,FALSE,FALSE,0
UK019,Lincoln,UK,United Kingdom,71.49,84.79,2025,58.19,2021,34.22,34.22,2023,,,,,,,,,,,,,,2,28.6,TRUE,TRUE,TRUE,FALSE,FALSE,FALSE,0
UK021,Stevenage,UK,United Kingdom,60.58,81.98,2025,39.17,2021,100.0,100.0,2023,,,,,,,,,,,,,,2,28.6,TRUE,TRUE,TRUE,FALSE,FALSE,FALSE,0
UK022,Wrexham,UK,United Kingdom,,97.64,2025,,,37.14,37.14,2023,,,,,,,,,,,,,,1,14.3,FALSE,FALSE,TRUE,FALSE,FALSE,FALSE,0
UK023,Portsmouth,UK,United Kingdom,51.68,69.57,2025,33.79,2021,95.89,95.89,2023,,,,,,,,,,,,,,2,28.6,TRUE,TRUE,TRUE,FALSE,FALSE,FALSE,0
UK024,Worcester,UK,United Kingdom,65.39,74.59,2025,56.18,2021,33.55,33.55,2023,,,,,,,,,,,,,,2,28.6,TRUE,TRUE,TRUE,FALSE,FALSE,FALSE,0
UK025,Coventry,UK,United Kingdom,62.72,82.27,2025,43.18,2021,84.48,84.48,2023,,,,,,,,,,,,,,2,28.6,TRUE,TRUE,TRUE,FALSE,FALSE,FALSE,0
UK026,Kingston upon Hull,UK,United Kingdom,60.03,89.96,2025,30.1,2021,47.08,47.08,2023,,,,,,,,,,,,,,2,28.6,TRUE,TRUE,TRUE,FALSE,FALSE,FALSE,0
UK027,Stoke-on-Trent,UK,United Kingdom,76.48,82.42,2025,70.55,2021,63.79,63.79,2023,,,,,,,,,,,,,,2,28.6,TRUE,TRUE,TRUE,FALSE,FALSE,FALSE,0
UK029,Nottingham,UK,United Kingdom,71.61,94.98,2025,48.23,2021,78.78,78.78,2023,,,,,,,,,,,,,,2,28.6,TRUE,TRUE,TRUE,FALSE,FALSE,FALSE,0
UK031,Bath and North East Somerset,UK,United Kingdom,74.77,83.01,2025,66.53,2021,38.2,38.2,2023,,,,,,,,,,,,,,2,28.6,TRUE,TRUE,TRUE,FALSE,FALSE,FALSE,0
UK033,Guildford,UK,United Kingdom,79.98,70.31,2025,89.65,2021,42.84,42.84,2023,,,,,,,,,,,,,,2,28.6,TRUE,TRUE,TRUE,FALSE,FALSE,FALSE,0
UK034,Thanet,UK,United Kingdom,43.39,68.24,2025,18.54,2021,88.99,88.99,2023,,,,,,,,,,,,,,2,28.6,TRUE,TRUE,TRUE,FALSE,FALSE,FALSE,0
UK038,Waveney,UK,United Kingdom,65.44,79.91,2025,50.96,2021,56.1,56.1,2023,,,,,,,,,,,,,,2,28.6,FALSE,TRUE,TRUE,FALSE,FALSE,FALSE,0
UK041,Ashford,UK,United Kingdom,69.47,66.32,2025,72.63,2021,29.18,29.18,2023,,,,,,,,,,,,,,2,28.6,TRUE,TRUE,TRUE,FALSE,FALSE,FALSE,0
UK043,East Staffordshire,UK,United Kingdom,66.58,85.82,2025,47.35,2021,22.28,22.28,2023,,,,,,,,,,,,,,2,28.6,TRUE,TRUE,TRUE,FALSE,FALSE,FALSE,0
UK044,Darlington,UK,United Kingdom,66.41,95.27,2025,37.56,2021,69.63,69.63,2023,,,,,,,,,,,,,,2,28.6,TRUE,TRUE,TRUE,FALSE,FALSE,FALSE,0
UK045,Worthing,UK,United Kingdom,53.09,91.58,2025,14.61,2021,99.47,99.47,2023,,,,,,,,,,,,,,2,28.6,TRUE,TRUE,TRUE,FALSE,FALSE,FALSE,0
UK046,Mansfield,UK,United Kingdom,70.34,89.07,2025,51.61,2021,99.2,99.2,2023,,,,,,,,,,,,,,2,28.6,TRUE,TRUE,TRUE,FALSE,FALSE,FALSE,0
UK047,Chesterfield,UK,United Kingdom,75.32,85.23,2025,65.41,2021,98.28,98.28,2023,,,,,,,,,,,,,,2,28.6,TRUE,TRUE,TRUE,FALSE,FALSE,FALSE,0
UK050,Burnley,UK,United Kingdom,85.05,87.59,2025,82.5,2021,90.58,90.58,2023,,,,,,,,,,,,,,2,28.6,TRUE,TRUE,TRUE,FALSE,FALSE,FALSE,0
UK051,Great Yarmouth,UK,United Kingdom,52.92,81.68,2025,24.16,2021,74.27,74.27,2023,,,,,,,,,,,,,,2,28.6,TRUE,TRUE,TRUE,FALSE,FALSE,FALSE,0
UK055,Eastbourne,UK,United Kingdom,49.59,63.96,2025,35.23,2021,98.28,98.28,2023,,,,,,,,,,,,,,2,28.6,TRUE,TRUE,TRUE,FALSE,FALSE,FALSE,0
UK056,Hastings,UK,United Kingdom,69.66,70.61,2025,68.7,2021,54.11,54.11,2023,,,,,,,,,,,,,,2,28.6,TRUE,TRUE,TRUE,FALSE,FALSE,FALSE,0
UK059,Redditch,UK,United Kingdom,79.12,75.33,2025,82.91,2021,85.68,85.68,2023,,,,,,,,,,,,,,2,28.6,TRUE,TRUE,TRUE,FALSE,FALSE,FALSE,0
UK062,Halton,UK,United Kingdom,79.52,77.1,2025,81.94,2021,84.48,84.48,2023,,,,,,,,,,,,,,2,28.6,TRUE,TRUE,TRUE,FALSE,FALSE,FALSE,0
UK506,Doncaster,UK,United Kingdom,73.03,90.84,2025,55.22,2021,85.68,85.68,2023,,,,,,,,,,,,,,2,28.6,TRUE,TRUE,TRUE,FALSE,FALSE,FALSE,0
UK510,Sunderland,UK,United Kingdom,69.97,90.99,2025,48.96,2021,97.75,97.75,2023,,,,,,,,,,,,,,2,28.6,TRUE,TRUE,TRUE,FALSE,FALSE,FALSE,0
UK513,Medway,UK,United Kingdom,56.75,77.55,2025,35.96,2021,95.09,95.09,2023,,,,,,,,,,,,,,2,28.6,TRUE,TRUE,TRUE,FALSE,FALSE,FALSE,0
UK515,Brighton and Hove,UK,United Kingdom,42.61,67.95,2025,17.26,2021,95.09,95.09,2023,,,,,,,,,,,,,,2,28.6,TRUE,TRUE,TRUE,FALSE,FALSE,FALSE,0
UK516,Plymouth,UK,United Kingdom,75.08,88.92,2025,61.24,2021,42.84,42.84,2023,,,,,,,,,,,,,,2,28.6,TRUE,TRUE,TRUE,FALSE,FALSE,FALSE,0
UK517,Swansea,UK,United Kingdom,92.83,92.47,2025,93.18,2021,78.78,78.78,2023,,,,,,,,,,,,,,2,28.6,TRUE,TRUE,TRUE,FALSE,FALSE,FALSE,0
UK518,Derby,UK,United Kingdom,72.75,89.81,2025,55.7,2021,72.68,72.68,2023,,,,,,,,,,,,,,2,28.6,TRUE,TRUE,TRUE,FALSE,FALSE,FALSE,0
UK520,Southampton,UK,United Kingdom,68.6,71.79,2025,65.41,2021,60.48,60.48,2023,,,,,,,,,,,,,,2,28.6,TRUE,TRUE,TRUE,FALSE,FALSE,FALSE,0
UK525,Milton Keynes,UK,United Kingdom,75.22,70.01,2025,80.42,2021,52.39,52.39,2023,,,,,,,,,,,,,,2,28.6,TRUE,TRUE,TRUE,FALSE,FALSE,FALSE,0
UK528,Northampton,UK,United Kingdom,63.25,69.13,2025,57.38,2021,30.77,30.77,2023,,,,,,,,,,,,,,2,28.6,TRUE,TRUE,TRUE,FALSE,FALSE,FALSE,0
UK531,Warrington,UK,United Kingdom,71.67,72.23,2025,71.11,2021,88.99,88.99,2023,,,,,,,,,,,,,,2,28.6,TRUE,TRUE,TRUE,FALSE,FALSE,FALSE,0
UK532,Luton,UK,United Kingdom,50.63,91.88,2025,9.39,2021,99.73,99.73,2023,,,,,,,,,,,,,,2,28.6,TRUE,TRUE,TRUE,FALSE,FALSE,FALSE,0
UK533,York,UK,United Kingdom,61.86,89.22,2025,34.51,2021,90.58,90.58,2023,,,,,,,,,,,,,,2,28.6,TRUE,TRUE,TRUE,FALSE,FALSE,FALSE,0
UK535,Swindon,UK,United Kingdom,57.49,78.14,2025,36.84,2021,96.95,96.95,2023,,,,,,,,,,,,,,2,28.6,TRUE,TRUE,TRUE,FALSE,FALSE,FALSE,0
UK539,Bournemouth,UK,United Kingdom,57.02,67.65,2025,46.39,2021,64.46,64.46,2023,,,,,,,,,,,,,,2,28.6,TRUE,TRUE,TRUE,FALSE,FALSE,FALSE,0
UK540,Wycombe,UK,United Kingdom,77.62,71.2,2025,84.03,2021,69.63,69.63,2023,,,,,,,,,,,,,,2,28.6,FALSE,TRUE,TRUE,FALSE,FALSE,FALSE,0
UK542,Telford and Wrekin,UK,United Kingdom,88.49,85.97,2025,91.01,2021,61.8,61.8,2023,,,,,,,,,,,,,,2,28.6,TRUE,TRUE,TRUE,FALSE,FALSE,FALSE,0
UK543,North East Lincolnshire,UK,United Kingdom,59.42,84.34,2025,34.51,2021,60.48,60.48,2023,,,,,,,,,,,,,,2,28.6,TRUE,TRUE,TRUE,FALSE,FALSE,FALSE,0
UK545,Peterborough,UK,United Kingdom,71.66,75.18,2025,68.14,2021,68.97,68.97,2023,,,,,,,,,,,,,,2,28.6,TRUE,TRUE,TRUE,FALSE,FALSE,FALSE,0
UK546,Colchester,UK,United Kingdom,72.08,76.81,2025,67.34,2021,70.82,70.82,2023,,,,,,,,,,,,,,2,28.6,TRUE,TRUE,TRUE,FALSE,FALSE,FALSE,0
UK548,Basingstoke and Deane,UK,United Kingdom,65.03,77.4,2025,52.65,2021,50.66,50.66,2023,,,,,,,,,,,,,,2,28.6,TRUE,TRUE,TRUE,FALSE,FALSE,FALSE,0
UK549,Bedford,UK,United Kingdom,59.46,74.3,2025,44.62,2021,64.46,64.46,2023,,,,,,,,,,,,,,2,28.6,TRUE,TRUE,TRUE,FALSE,FALSE,FALSE,0
UK550,Dundee City,UK,United Kingdom,79.05,98.23,2025,59.87,2021,58.89,58.89,2023,,,,,,,,,,,,,,2,28.6,TRUE,TRUE,TRUE,FALSE,FALSE,FALSE,0
UK551,Falkirk,UK,United Kingdom,88.3,97.78,2025,78.81,2021,90.58,90.58,2023,,,,,,,,,,,,,,2,28.6,TRUE,TRUE,TRUE,FALSE,FALSE,FALSE,0
UK552,Reading,UK,United Kingdom,60.59,68.54,2025,52.65,2021,39.39,39.39,2023,,,,,,,,,,,,,,2,28.6,TRUE,TRUE,TRUE,FALSE,FALSE,FALSE,0
UK553,Blackpool,UK,United Kingdom,61.48,86.12,2025,36.84,2021,72.68,72.68,2023,,,,,,,,,,,,,,2,28.6,TRUE,TRUE,TRUE,FALSE,FALSE,FALSE,0
UK554,Maidstone,UK,United Kingdom,66.4,79.03,2025,53.77,2021,49.34,49.34,2023,,,,,,,,,,,,,,2,28.6,TRUE,TRUE,TRUE,FALSE,FALSE,FALSE,0
UK556,Dacorum,UK,United Kingdom,70.61,87.44,2025,53.77,2021,74.27,74.27,2023,,,,,,,,,,,,,,2,28.6,TRUE,TRUE,TRUE,FALSE,FALSE,FALSE,0
UK557,Blackburn with Darwen,UK,United Kingdom,77.83,83.75,2025,71.91,2021,68.97,68.97,2023,,,,,,,,,,,,,,2,28.6,TRUE,TRUE,TRUE,FALSE,FALSE,FALSE,0
UK558,Newport,UK,United Kingdom,84.08,73.71,2025,94.46,2021,68.97,68.97,2023,,,,,,,,,,,,,,2,28.6,TRUE,TRUE,TRUE,FALSE,FALSE,FALSE,0
UK559,Middlesbrough,UK,United Kingdom,82.98,91.73,2025,74.24,2021,70.82,70.82,2023,,,,,,,,,,,,,,2,28.6,TRUE,TRUE,TRUE,FALSE,FALSE,FALSE,0
UK560,Oxford,UK,United Kingdom,70.63,81.39,2025,59.87,2021,42.84,42.84,2023,,,,,,,,,,,,,,2,28.6,TRUE,TRUE,TRUE,FALSE,FALSE,FALSE,0
UK561,Torbay,UK,United Kingdom,78.25,84.19,2025,72.31,2021,98.81,98.81,2023,,,,,,,,,,,,,,2,28.6,TRUE,TRUE,TRUE,FALSE,FALSE,FALSE,0
UK562,Preston,UK,United Kingdom,73.22,78.29,2025,68.14,2021,92.04,92.04,2023,,,,,,,,,,,,,,2,28.6,TRUE,TRUE,TRUE,FALSE,FALSE,FALSE,0
UK566,Norwich,UK,United Kingdom,70.06,78.88,2025,61.24,2021,40.98,40.98,2023,,,,,,,,,,,,,,2,28.6,TRUE,TRUE,TRUE,FALSE,FALSE,FALSE,0
UK567,Slough,UK,United Kingdom,35.16,61.89,2025,8.43,2021,47.08,47.08,2023,,,,,,,,,,,,,,2,28.6,TRUE,TRUE,TRUE,FALSE,FALSE,FALSE,0
UK568,Cheshire West and Chester,UK,United Kingdom,83.93,88.33,2025,79.53,2021,39.39,39.39,2023,,,,,,,,,,,,,,2,28.6,TRUE,TRUE,TRUE,FALSE,FALSE,FALSE,0
UK569,Ipswich,UK,United Kingdom,54.17,72.38,2025,35.96,2021,44.3,44.3,2023,,,,,,,,,,,,,,2,28.6,TRUE,TRUE,TRUE,FALSE,FALSE,FALSE,0
UK571,Cheltenham,UK,United Kingdom,68.64,73.41,2025,63.88,2021,66.84,66.84,2023,,,,,,,,,,,,,,2,28.6,TRUE,TRUE,TRUE,FALSE,FALSE,FALSE,0
UK572,Gloucester,UK,United Kingdom,49.45,68.39,2025,30.5,2021,96.95,96.95,2023,,,,,,,,,,,,,,2,28.6,TRUE,TRUE,TRUE,FALSE,FALSE,FALSE,0
UK573,Bracknell Forest,UK,United Kingdom,75.6,64.84,2025,86.36,2021,6.37,6.37,2023,,,,,,,,,,,,,,2,28.6,TRUE,TRUE,TRUE,FALSE,FALSE,FALSE,0
UK575,Carlisle,UK,United Kingdom,69.35,98.82,2025,39.89,2021,28.91,28.91,2023,,,,,,,,,,,,,,2,28.6,FALSE,TRUE,TRUE,FALSE,FALSE,FALSE,0
UK576,Crawley,UK,United Kingdom,70.43,69.42,2025,71.43,2021,95.89,95.89,2023,,,,,,,,,,,,,,2,28.6,TRUE,TRUE,TRUE,FALSE,FALSE,FALSE,0
UK580,Rushmoor,UK,United Kingdom,69.54,65.73,2025,73.35,2021,78.78,78.78,2023,,,,,,,,,,,,,,2,28.6,TRUE,TRUE,TRUE,FALSE,FALSE,FALSE,0
UK582,Corby,UK,United Kingdom,77.37,80.5,2025,74.24,2021,84.48,84.48,2023,,,,,,,,,,,,,,2,28.6,FALSE,TRUE,TRUE,FALSE,FALSE,FALSE,0
UK583,Kettering,UK,United Kingdom,60.64,76.66,2025,44.62,2021,55.17,55.17,2023,,,,,,,,,,,,,,2,28.6,FALSE,TRUE,TRUE,FALSE,FALSE,FALSE,0
UK586,Derry & Strabane Local Government District,UK,United Kingdom,92.58,96.31,2025,88.84,2021,,,,,,,,,,,,,,,,,1,14.3,FALSE,TRUE,FALSE,FALSE,FALSE,FALSE,0
UNRESOLVED_CY001C,(not available in local sources),CY,Cyprus,,,,,,,,,,,,,,43.12,2023,20.0,2023,26.88,2023,62.5,2023,4,57.1,FALSE,FALSE,FALSE,FALSE,FALSE,FALSE,4
UNRESOLVED_DE010C,(not available in local sources),DE,Germany,,,,,,,,,,,,,,31.25,2023,47.5,2023,80.0,2023,47.5,2023,4,57.1,FALSE,FALSE,FALSE,FALSE,FALSE,FALSE,4
UNRESOLVED_DE088C,(not available in local sources),DE,Germany,,,,,,,,,,,,,,,,,,,,,,0,0.0,FALSE,FALSE,FALSE,FALSE,FALSE,FALSE,0
UNRESOLVED_DE103C,(not available in local sources),DE,Germany,,,,,,,,,,,,,,,,,,,,,,0,0.0,FALSE,FALSE,FALSE,FALSE,FALSE,FALSE,0
UNRESOLVED_DE116C,(not available in local sources),DE,Germany,,,,,,,,,,,,,,,,,,,,,,0,0.0,FALSE,FALSE,FALSE,FALSE,FALSE,FALSE,0
UNRESOLVED_DE122C,(not available in local sources),DE,Germany,,,,,,,,,,,,,,,,,,,,,,0,0.0,FALSE,FALSE,FALSE,FALSE,FALSE,FALSE,0
UNRESOLVED_EL001C,(not available in local sources),EL,Greece,,,,,,,,,,,,,,2.5,2023,2.5,2023,1.25,2023,85.0,2023,4,57.1,FALSE,FALSE,FALSE,FALSE,FALSE,FALSE,4
UNRESOLVED_EL004C,(not available in local sources),EL,Greece,,,,,,,,,,,,,,43.12,2023,40.0,2023,2.5,2023,82.5,2023,4,57.1,FALSE,FALSE,FALSE,FALSE,FALSE,FALSE,4
UNRESOLVED_LV003C,(not available in local sources),LV,Latvia,,,,,,,,,,,,,,,,,,,,,,0,0.0,FALSE,FALSE,FALSE,FALSE,FALSE,FALSE,0
UNRESOLVED_LV005C,(not available in local sources),LV,Latvia,,,,,,,,,,,,,,,,,,,,,,0,0.0,FALSE,FALSE,FALSE,FALSE,FALSE,FALSE,0
UNRESOLVED_LV006C,(not available in local sources),LV,Latvia,,,,,,,,,,,,,,,,,,,,,,0,0.0,FALSE,FALSE,FALSE,FALSE,FALSE,FALSE,0
UNRESOLVED_LV007C,(not available in local sources),LV,Latvia,,,,,,,,,,,,,,,,,,,,,,0,0.0,FALSE,FALSE,FALSE,FALSE,FALSE,FALSE,0
UNRESOLVED_LV008C,(not available in local sources),LV,Latvia,,,,,,,,,,,,,,,,,,,,,,0,0.0,FALSE,FALSE,FALSE,FALSE,FALSE,FALSE,0
UNRESOLVED_LV009C,(not available in local sources),LV,Latvia,,,,,,,,,,,,,,,,,,,,,,0,0.0,FALSE,FALSE,FALSE,FALSE,FALSE,FALSE,0
UNRESOLVED_MT001C,(not available in local sources),MT,Malta,,,,,,,,,,,,,,66.25,2023,62.5,2023,63.12,2023,75.0,2023,4,57.1,FALSE,FALSE,FALSE,FALSE,FALSE,FALSE,4
